/home/ubuntu/difflet-vj/.venv/lib/python3.12/site-packages/neuronx_distributed/modules/moe/blockwise.py:100: DeprecationWarning: torch_neuronx.nki_jit is deprecated, use nki.jit instead.
  component, error = import_nki(config)
/home/ubuntu/difflet-vj/.venv/lib/python3.12/site-packages/neuronx_distributed/modules/moe/blockwise.py:102: UserWarning: Warning: Failed to import blockwise_mm_baseline_shard_hidden: No module named 'neuronxcc.nki._private.blockwise_mm'
  warnings.warn(f"Warning: {error}")
/home/ubuntu/difflet-vj/.venv/lib/python3.12/site-packages/neuronx_distributed/modules/moe/blockwise.py:102: UserWarning: Warning: Failed to import blockwise_mm_bwd: No module named 'neuronxcc.nki._private.blockwise_mm_bwd'
  warnings.warn(f"Warning: {error}")
/home/ubuntu/difflet-vj/.venv/lib/python3.12/site-packages/neuronx_distributed/modules/moe/blockwise.py:102: UserWarning: Warning: Failed to import blockwise_mm_bwd_baseline_shard_hidden: No module named 'neuronxcc.nki._private.blockwise_mm_bwd'
  warnings.warn(f"Warning: {error}")
[wan] snapshot   = /home/ubuntu/hf/hub/models--Wan-AI--Wan2.1-T2V-14B-Diffusers/snapshots/38ec498cb3208fb688890f8cc7e94ede2cbd7f68/
[wan] shape      = 480x832 x 21 latent frames
[wan] seq_len    = 32760  inner = 5120  tp = 4
[wan] compiling probe...
INFO:Neuron:Saving the neuron_config to /home/ubuntu/.cache/difflet/wan21_teacache_probe_fused/
INFO:Neuron:Generating HLOs for the following models: ['WanTeacacheProbeFusedModel']
[2026-09-22 06:38:31.047: I neuronx_distributed/parallel_layers/parallel_state.py:638] > initializing tensor model parallel with size 4
[2026-09-22 06:38:31.047: I neuronx_distributed/parallel_layers/parallel_state.py:639] > initializing pipeline model parallel with size 1
[2026-09-22 06:38:31.047: I neuronx_distributed/parallel_layers/parallel_state.py:640] > initializing context model parallel with size 1
[2026-09-22 06:38:31.047: I neuronx_distributed/parallel_layers/parallel_state.py:641] > initializing data parallel with size 1
[2026-09-22 06:38:31.047: I neuronx_distributed/parallel_layers/parallel_state.py:642] > initializing world size to 4
[2026-09-22 06:38:31.047: I neuronx_distributed/parallel_layers/parallel_state.py:387] [rank_0_pp-1_tp-1_dp-1_cp-1] Chosen Logic for replica groups ret_logic=<PG_Group_Logic.LOGIC1: (<function ascending_ring_PG_group at 0x7c574d079bc0>, 'Ascending Ring PG Group')>
[2026-09-22 06:38:31.047: I neuronx_distributed/parallel_layers/parallel_state.py:666] [rank_0_pp-1_tp-1_dp-1_cp-1] tp_groups: replica_groups.tp_groups=[[0, 1, 2, 3]]
[2026-09-22 06:38:31.047: I neuronx_distributed/parallel_layers/parallel_state.py:667] [rank_0_pp-1_tp-1_dp-1_cp-1] dp_groups: replica_groups.dp_groups=[[0], [1], [2], [3]]
[2026-09-22 06:38:31.047: I neuronx_distributed/parallel_layers/parallel_state.py:668] [rank_0_pp-1_tp-1_dp-1_cp-1] pp_groups: replica_groups.pp_groups=[[0], [1], [2], [3]]
[2026-09-22 06:38:31.048: I neuronx_distributed/parallel_layers/parallel_state.py:669] [rank_0_pp-1_tp-1_dp-1_cp-1] cp_groups: replica_groups.cp_groups=[[0], [1], [2], [3]]
[2026-09-22 06:38:31.048: I neuronx_distributed/parallel_layers/parallel_state.py:670] [rank_0_pp-1_tp-1_dp-1_cp-1] ep_model_groups: replica_groups.ep_model_groups=[[0], [1], [2], [3]]
[2026-09-22 06:38:31.048: I neuronx_distributed/parallel_layers/parallel_state.py:671] [rank_0_pp-1_tp-1_dp-1_cp-1] ep_data_groups: replica_groups.ep_data_groups=[[0], [1], [2], [3]]
INFO:Neuron:Generating 1 hlos for key: WanTeacacheProbeFusedModel
INFO:Neuron:Minimal metadata will be added to HLO
INFO:Neuron:Started loading module WanTeacacheProbeFusedModel
INFO:Neuron:Finished loading module WanTeacacheProbeFusedModel in 2.3871231079101562 seconds
INFO:Neuron:generating HLO: WanTeacacheProbeFusedModel, input example shape = torch.Size([1, 16, 21, 60, 104])
/home/ubuntu/difflet-vj/.venv/lib/python3.12/site-packages/torch_neuronx/xla_impl/hlo_conversion.py:470: UserWarning: Received an input tensor that was unused or used in a non-static way when traced so the tensor will be ignored. (index=2, shape=torch.Size([1, 512, 4096]), dtype=torch.bfloat16). The non-static usage could happen when the traced function expects the input tensor's shape to change (i.e., using the shape to do index slicing), which is not allowed by inference trace expecting static input shapes.
  warnings.warn(
INFO:Neuron:Finished generating HLO for WanTeacacheProbeFusedModel in 0.26079249382019043 seconds, input example shape = torch.Size([1, 16, 21, 60, 104])
INFO:Neuron:Generated all HLOs in 2.663526773452759 seconds
INFO:Neuron:Starting compilation for the priority HLO
INFO:Neuron:'WanTeacacheProbeFusedModel' is the priority model with bucket rank 0
/home/ubuntu/difflet-vj/.venv/lib/python3.12/site-packages/libneuronxla/neuron_cc_wrapper.py:287: SyntaxWarning: str format compiler_flags is discouraged as its handling involves repeated joining and splitting, which can easily make mistakes if something is quoted or escaped. Use list[str] instead. Refer to documentation of the Python subprocess module for details.
  warnings.warn(SyntaxWarning(
..
Compiler status PASS
2026-09-22 06:39:07.000101:  36292  [INFO]: Compilation Successfully Completed for model.MODULE_dbac6583f782566a6a13+8fb33827.hlo_module.pb
INFO:Neuron:Done compilation for the priority HLO in 33.41255068778992 seconds
INFO:Neuron:Done optimizing weight layout for all HLOs in 9.393692016601562e-05 seconds
INFO:Neuron:Starting compilation for all HLOs
INFO:Neuron:Finished Compilation for all HLOs in 0.0001537799835205078 seconds
...
Compiler status PASS
INFO:Neuron:Done preparing weight layout transformation
INFO:Neuron:Finished building model in 78.66249775886536 seconds
INFO:Neuron:Pre-sharding checkpoints.
INFO:Neuron:Sharding weights for ranks: 0...3
[2026-09-22 06:39:49.729: I neuronx_distributed/parallel_layers/parallel_state.py:638] > initializing tensor model parallel with size 4
[2026-09-22 06:39:49.729: I neuronx_distributed/parallel_layers/parallel_state.py:639] > initializing pipeline model parallel with size 1
[2026-09-22 06:39:49.729: I neuronx_distributed/parallel_layers/parallel_state.py:640] > initializing context model parallel with size 1
[2026-09-22 06:39:49.729: I neuronx_distributed/parallel_layers/parallel_state.py:641] > initializing data parallel with size 1
[2026-09-22 06:39:49.729: I neuronx_distributed/parallel_layers/parallel_state.py:642] > initializing world size to 4
[2026-09-22 06:39:49.729: I neuronx_distributed/parallel_layers/parallel_state.py:387] [rank_0_pp-1_tp-1_dp-1_cp-1] Chosen Logic for replica groups ret_logic=<PG_Group_Logic.LOGIC1: (<function ascending_ring_PG_group at 0x7c574d079bc0>, 'Ascending Ring PG Group')>
[2026-09-22 06:39:49.729: I neuronx_distributed/parallel_layers/parallel_state.py:666] [rank_0_pp-1_tp-1_dp-1_cp-1] tp_groups: replica_groups.tp_groups=[[0, 1, 2, 3]]
[2026-09-22 06:39:49.729: I neuronx_distributed/parallel_layers/parallel_state.py:667] [rank_0_pp-1_tp-1_dp-1_cp-1] dp_groups: replica_groups.dp_groups=[[0], [1], [2], [3]]
[2026-09-22 06:39:49.729: I neuronx_distributed/parallel_layers/parallel_state.py:668] [rank_0_pp-1_tp-1_dp-1_cp-1] pp_groups: replica_groups.pp_groups=[[0], [1], [2], [3]]
[2026-09-22 06:39:49.729: I neuronx_distributed/parallel_layers/parallel_state.py:669] [rank_0_pp-1_tp-1_dp-1_cp-1] cp_groups: replica_groups.cp_groups=[[0], [1], [2], [3]]
[2026-09-22 06:39:49.729: I neuronx_distributed/parallel_layers/parallel_state.py:670] [rank_0_pp-1_tp-1_dp-1_cp-1] ep_model_groups: replica_groups.ep_model_groups=[[0], [1], [2], [3]]
[2026-09-22 06:39:49.729: I neuronx_distributed/parallel_layers/parallel_state.py:671] [rank_0_pp-1_tp-1_dp-1_cp-1] ep_data_groups: replica_groups.ep_data_groups=[[0], [1], [2], [3]]
/home/ubuntu/Difflet/difflet/backends/trainium/core/application_base.py:879: UserWarning: Found torch.float32 weights in checkpoint: blocks.27.attn2.to_k.bias. Will convert to torch.bfloat16
  warnings.warn(
/home/ubuntu/Difflet/difflet/backends/trainium/core/application_base.py:879: UserWarning: Found torch.float32 weights in checkpoint: blocks.27.attn2.to_k.weight. Will convert to torch.bfloat16
  warnings.warn(
/home/ubuntu/Difflet/difflet/backends/trainium/core/application_base.py:879: UserWarning: Found torch.float32 weights in checkpoint: blocks.27.attn2.to_out.0.bias. Will convert to torch.bfloat16
  warnings.warn(
/home/ubuntu/Difflet/difflet/backends/trainium/core/application_base.py:879: UserWarning: Found torch.float32 weights in checkpoint: blocks.27.attn2.to_out.0.weight. Will convert to torch.bfloat16
  warnings.warn(
/home/ubuntu/Difflet/difflet/backends/trainium/core/application_base.py:879: UserWarning: Found torch.float32 weights in checkpoint: blocks.27.attn2.to_q.bias. Will convert to torch.bfloat16
  warnings.warn(
/home/ubuntu/Difflet/difflet/backends/trainium/core/application_base.py:879: UserWarning: Found torch.float32 weights in checkpoint: blocks.27.attn2.to_q.weight. Will convert to torch.bfloat16
  warnings.warn(
/home/ubuntu/Difflet/difflet/backends/trainium/core/application_base.py:879: UserWarning: Found torch.float32 weights in checkpoint: blocks.27.attn2.to_v.bias. Will convert to torch.bfloat16
  warnings.warn(
/home/ubuntu/Difflet/difflet/backends/trainium/core/application_base.py:879: UserWarning: Found torch.float32 weights in checkpoint: blocks.27.attn2.to_v.weight. Will convert to torch.bfloat16
  warnings.warn(
/home/ubuntu/Difflet/difflet/backends/trainium/core/application_base.py:879: UserWarning: Found torch.float32 weights in checkpoint: blocks.27.ffn.net_in.bias. Will convert to torch.bfloat16
  warnings.warn(
/home/ubuntu/Difflet/difflet/backends/trainium/core/application_base.py:879: UserWarning: Found torch.float32 weights in checkpoint: blocks.27.ffn.net_in.weight. Will convert to torch.bfloat16
  warnings.warn(
/home/ubuntu/Difflet/difflet/backends/trainium/core/application_base.py:879: UserWarning: Found torch.float32 weights in checkpoint: blocks.27.ffn.net_out.bias. Will convert to torch.bfloat16
  warnings.warn(
/home/ubuntu/Difflet/difflet/backends/trainium/core/application_base.py:879: UserWarning: Found torch.float32 weights in checkpoint: blocks.27.ffn.net_out.weight. Will convert to torch.bfloat16
  warnings.warn(
/home/ubuntu/Difflet/difflet/backends/trainium/core/application_base.py:879: UserWarning: Found torch.float32 weights in checkpoint: blocks.27.norm2.bias. Will convert to torch.bfloat16
  warnings.warn(
/home/ubuntu/Difflet/difflet/backends/trainium/core/application_base.py:879: UserWarning: Found torch.float32 weights in checkpoint: blocks.27.norm2.weight. Will convert to torch.bfloat16
  warnings.warn(
/home/ubuntu/Difflet/difflet/backends/trainium/core/application_base.py:879: UserWarning: Found torch.float32 weights in checkpoint: blocks.28.attn1.norm_k.weight. Will convert to torch.bfloat16
  warnings.warn(
/home/ubuntu/Difflet/difflet/backends/trainium/core/application_base.py:879: UserWarning: Found torch.float32 weights in checkpoint: blocks.28.attn1.norm_q.weight. Will convert to torch.bfloat16
  warnings.warn(
/home/ubuntu/Difflet/difflet/backends/trainium/core/application_base.py:879: UserWarning: Found torch.float32 weights in checkpoint: blocks.28.attn1.to_k.bias. Will convert to torch.bfloat16
  warnings.warn(
/home/ubuntu/Difflet/difflet/backends/trainium/core/application_base.py:879: UserWarning: Found torch.float32 weights in checkpoint: blocks.28.attn1.to_k.weight. Will convert to torch.bfloat16
  warnings.warn(
/home/ubuntu/Difflet/difflet/backends/trainium/core/application_base.py:879: UserWarning: Found torch.float32 weights in checkpoint: blocks.28.attn1.to_out.0.bias. Will convert to torch.bfloat16
  warnings.warn(
/home/ubuntu/Difflet/difflet/backends/trainium/core/application_base.py:879: UserWarning: Found torch.float32 weights in checkpoint: blocks.28.attn1.to_out.0.weight. Will convert to torch.bfloat16
  warnings.warn(
/home/ubuntu/Difflet/difflet/backends/trainium/core/application_base.py:879: UserWarning: Found torch.float32 weights in checkpoint: blocks.28.attn1.to_q.bias. Will convert to torch.bfloat16
  warnings.warn(
/home/ubuntu/Difflet/difflet/backends/trainium/core/application_base.py:879: UserWarning: Found torch.float32 weights in checkpoint: blocks.28.attn1.to_q.weight. Will convert to torch.bfloat16
  warnings.warn(
/home/ubuntu/Difflet/difflet/backends/trainium/core/application_base.py:879: UserWarning: Found torch.float32 weights in checkpoint: blocks.28.attn1.to_v.bias. Will convert to torch.bfloat16
  warnings.warn(
/home/ubuntu/Difflet/difflet/backends/trainium/core/application_base.py:879: UserWarning: Found torch.float32 weights in checkpoint: blocks.28.attn1.to_v.weight. Will convert to torch.bfloat16
  warnings.warn(
/home/ubuntu/Difflet/difflet/backends/trainium/core/application_base.py:879: UserWarning: Found torch.float32 weights in checkpoint: blocks.28.attn2.norm_k.weight. Will convert to torch.bfloat16
  warnings.warn(
/home/ubuntu/Difflet/difflet/backends/trainium/core/application_base.py:879: UserWarning: Found torch.float32 weights in checkpoint: blocks.28.attn2.norm_q.weight. Will convert to torch.bfloat16
  warnings.warn(
/home/ubuntu/Difflet/difflet/backends/trainium/core/application_base.py:879: UserWarning: Found torch.float32 weights in checkpoint: blocks.28.attn2.to_k.bias. Will convert to torch.bfloat16
  warnings.warn(
/home/ubuntu/Difflet/difflet/backends/trainium/core/application_base.py:879: UserWarning: Found torch.float32 weights in checkpoint: blocks.28.attn2.to_k.weight. Will convert to torch.bfloat16
  warnings.warn(
/home/ubuntu/Difflet/difflet/backends/trainium/core/application_base.py:879: UserWarning: Found torch.float32 weights in checkpoint: blocks.28.attn2.to_out.0.bias. Will convert to torch.bfloat16
  warnings.warn(
/home/ubuntu/Difflet/difflet/backends/trainium/core/application_base.py:879: UserWarning: Found torch.float32 weights in checkpoint: blocks.28.attn2.to_out.0.weight. Will convert to torch.bfloat16
  warnings.warn(
/home/ubuntu/Difflet/difflet/backends/trainium/core/application_base.py:879: UserWarning: Found torch.float32 weights in checkpoint: blocks.28.attn2.to_q.bias. Will convert to torch.bfloat16
  warnings.warn(
/home/ubuntu/Difflet/difflet/backends/trainium/core/application_base.py:879: UserWarning: Found torch.float32 weights in checkpoint: blocks.28.attn2.to_q.weight. Will convert to torch.bfloat16
  warnings.warn(
/home/ubuntu/Difflet/difflet/backends/trainium/core/application_base.py:879: UserWarning: Found torch.float32 weights in checkpoint: blocks.28.attn2.to_v.bias. Will convert to torch.bfloat16
  warnings.warn(
/home/ubuntu/Difflet/difflet/backends/trainium/core/application_base.py:879: UserWarning: Found torch.float32 weights in checkpoint: blocks.28.attn2.to_v.weight. Will convert to torch.bfloat16
  warnings.warn(
/home/ubuntu/Difflet/difflet/backends/trainium/core/application_base.py:879: UserWarning: Found torch.float32 weights in checkpoint: blocks.28.ffn.net_in.bias. Will convert to torch.bfloat16
  warnings.warn(
/home/ubuntu/Difflet/difflet/backends/trainium/core/application_base.py:879: UserWarning: Found torch.float32 weights in checkpoint: blocks.28.ffn.net_in.weight. Will convert to torch.bfloat16
  warnings.warn(
/home/ubuntu/Difflet/difflet/backends/trainium/core/application_base.py:879: UserWarning: Found torch.float32 weights in checkpoint: blocks.28.ffn.net_out.bias. Will convert to torch.bfloat16
  warnings.warn(
/home/ubuntu/Difflet/difflet/backends/trainium/core/application_base.py:879: UserWarning: Found torch.float32 weights in checkpoint: blocks.28.ffn.net_out.weight. Will convert to torch.bfloat16
  warnings.warn(
/home/ubuntu/Difflet/difflet/backends/trainium/core/application_base.py:879: UserWarning: Found torch.float32 weights in checkpoint: blocks.28.norm2.bias. Will convert to torch.bfloat16
  warnings.warn(
/home/ubuntu/Difflet/difflet/backends/trainium/core/application_base.py:879: UserWarning: Found torch.float32 weights in checkpoint: blocks.28.norm2.weight. Will convert to torch.bfloat16
  warnings.warn(
/home/ubuntu/Difflet/difflet/backends/trainium/core/application_base.py:879: UserWarning: Found torch.float32 weights in checkpoint: blocks.28.scale_shift_table. Will convert to torch.bfloat16
  warnings.warn(
/home/ubuntu/Difflet/difflet/backends/trainium/core/application_base.py:879: UserWarning: Found torch.float32 weights in checkpoint: blocks.29.attn1.norm_k.weight. Will convert to torch.bfloat16
  warnings.warn(
/home/ubuntu/Difflet/difflet/backends/trainium/core/application_base.py:879: UserWarning: Found torch.float32 weights in checkpoint: blocks.29.attn1.norm_q.weight. Will convert to torch.bfloat16
  warnings.warn(
/home/ubuntu/Difflet/difflet/backends/trainium/core/application_base.py:879: UserWarning: Found torch.float32 weights in checkpoint: blocks.29.attn1.to_k.bias. Will convert to torch.bfloat16
  warnings.warn(
/home/ubuntu/Difflet/difflet/backends/trainium/core/application_base.py:879: UserWarning: Found torch.float32 weights in checkpoint: blocks.29.attn1.to_k.weight. Will convert to torch.bfloat16
  warnings.warn(
/home/ubuntu/Difflet/difflet/backends/trainium/core/application_base.py:879: UserWarning: Found torch.float32 weights in checkpoint: blocks.29.attn1.to_out.0.bias. Will convert to torch.bfloat16
  warnings.warn(
/home/ubuntu/Difflet/difflet/backends/trainium/core/application_base.py:879: UserWarning: Found torch.float32 weights in checkpoint: blocks.29.attn1.to_out.0.weight. Will convert to torch.bfloat16
  warnings.warn(
/home/ubuntu/Difflet/difflet/backends/trainium/core/application_base.py:879: UserWarning: Found torch.float32 weights in checkpoint: blocks.29.attn1.to_q.bias. Will convert to torch.bfloat16
  warnings.warn(
/home/ubuntu/Difflet/difflet/backends/trainium/core/application_base.py:879: UserWarning: Found torch.float32 weights in checkpoint: blocks.29.attn1.to_q.weight. Will convert to torch.bfloat16
  warnings.warn(
/home/ubuntu/Difflet/difflet/backends/trainium/core/application_base.py:879: UserWarning: Found torch.float32 weights in checkpoint: blocks.29.attn1.to_v.bias. Will convert to torch.bfloat16
  warnings.warn(
/home/ubuntu/Difflet/difflet/backends/trainium/core/application_base.py:879: UserWarning: Found torch.float32 weights in checkpoint: blocks.29.attn1.to_v.weight. Will convert to torch.bfloat16
  warnings.warn(
/home/ubuntu/Difflet/difflet/backends/trainium/core/application_base.py:879: UserWarning: Found torch.float32 weights in checkpoint: blocks.29.attn2.norm_k.weight. Will convert to torch.bfloat16
  warnings.warn(
/home/ubuntu/Difflet/difflet/backends/trainium/core/application_base.py:879: UserWarning: Found torch.float32 weights in checkpoint: blocks.29.attn2.norm_q.weight. Will convert to torch.bfloat16
  warnings.warn(
/home/ubuntu/Difflet/difflet/backends/trainium/core/application_base.py:879: UserWarning: Found torch.float32 weights in checkpoint: blocks.29.attn2.to_k.bias. Will convert to torch.bfloat16
  warnings.warn(
/home/ubuntu/Difflet/difflet/backends/trainium/core/application_base.py:879: UserWarning: Found torch.float32 weights in checkpoint: blocks.29.attn2.to_k.weight. Will convert to torch.bfloat16
  warnings.warn(
/home/ubuntu/Difflet/difflet/backends/trainium/core/application_base.py:879: UserWarning: Found torch.float32 weights in checkpoint: blocks.29.attn2.to_out.0.bias. Will convert to torch.bfloat16
  warnings.warn(
/home/ubuntu/Difflet/difflet/backends/trainium/core/application_base.py:879: UserWarning: Found torch.float32 weights in checkpoint: blocks.29.attn2.to_out.0.weight. Will convert to torch.bfloat16
  warnings.warn(
/home/ubuntu/Difflet/difflet/backends/trainium/core/application_base.py:879: UserWarning: Found torch.float32 weights in checkpoint: blocks.29.attn2.to_q.bias. Will convert to torch.bfloat16
  warnings.warn(
/home/ubuntu/Difflet/difflet/backends/trainium/core/application_base.py:879: UserWarning: Found torch.float32 weights in checkpoint: blocks.29.attn2.to_q.weight. Will convert to torch.bfloat16
  warnings.warn(
/home/ubuntu/Difflet/difflet/backends/trainium/core/application_base.py:879: UserWarning: Found torch.float32 weights in checkpoint: blocks.29.attn2.to_v.bias. Will convert to torch.bfloat16
  warnings.warn(
/home/ubuntu/Difflet/difflet/backends/trainium/core/application_base.py:879: UserWarning: Found torch.float32 weights in checkpoint: blocks.29.attn2.to_v.weight. Will convert to torch.bfloat16
  warnings.warn(
/home/ubuntu/Difflet/difflet/backends/trainium/core/application_base.py:879: UserWarning: Found torch.float32 weights in checkpoint: blocks.29.ffn.net_in.bias. Will convert to torch.bfloat16
  warnings.warn(
/home/ubuntu/Difflet/difflet/backends/trainium/core/application_base.py:879: UserWarning: Found torch.float32 weights in checkpoint: blocks.29.ffn.net_in.weight. Will convert to torch.bfloat16
  warnings.warn(
/home/ubuntu/Difflet/difflet/backends/trainium/core/application_base.py:879: UserWarning: Found torch.float32 weights in checkpoint: blocks.29.ffn.net_out.bias. Will convert to torch.bfloat16
  warnings.warn(
/home/ubuntu/Difflet/difflet/backends/trainium/core/application_base.py:879: UserWarning: Found torch.float32 weights in checkpoint: blocks.29.ffn.net_out.weight. Will convert to torch.bfloat16
  warnings.warn(
/home/ubuntu/Difflet/difflet/backends/trainium/core/application_base.py:879: UserWarning: Found torch.float32 weights in checkpoint: blocks.29.norm2.bias. Will convert to torch.bfloat16
  warnings.warn(
/home/ubuntu/Difflet/difflet/backends/trainium/core/application_base.py:879: UserWarning: Found torch.float32 weights in checkpoint: blocks.29.norm2.weight. Will convert to torch.bfloat16
  warnings.warn(
/home/ubuntu/Difflet/difflet/backends/trainium/core/application_base.py:879: UserWarning: Found torch.float32 weights in checkpoint: blocks.29.scale_shift_table. Will convert to torch.bfloat16
  warnings.warn(
/home/ubuntu/Difflet/difflet/backends/trainium/core/application_base.py:879: UserWarning: Found torch.float32 weights in checkpoint: blocks.30.attn1.norm_k.weight. Will convert to torch.bfloat16
  warnings.warn(
/home/ubuntu/Difflet/difflet/backends/trainium/core/application_base.py:879: UserWarning: Found torch.float32 weights in checkpoint: blocks.30.attn1.norm_q.weight. Will convert to torch.bfloat16
  warnings.warn(
/home/ubuntu/Difflet/difflet/backends/trainium/core/application_base.py:879: UserWarning: Found torch.float32 weights in checkpoint: blocks.30.attn1.to_k.bias. Will convert to torch.bfloat16
  warnings.warn(
/home/ubuntu/Difflet/difflet/backends/trainium/core/application_base.py:879: UserWarning: Found torch.float32 weights in checkpoint: blocks.30.attn1.to_k.weight. Will convert to torch.bfloat16
  warnings.warn(
/home/ubuntu/Difflet/difflet/backends/trainium/core/application_base.py:879: UserWarning: Found torch.float32 weights in checkpoint: blocks.30.attn1.to_out.0.bias. Will convert to torch.bfloat16
  warnings.warn(
/home/ubuntu/Difflet/difflet/backends/trainium/core/application_base.py:879: UserWarning: Found torch.float32 weights in checkpoint: blocks.30.attn1.to_out.0.weight. Will convert to torch.bfloat16
  warnings.warn(
/home/ubuntu/Difflet/difflet/backends/trainium/core/application_base.py:879: UserWarning: Found torch.float32 weights in checkpoint: blocks.30.attn1.to_q.bias. Will convert to torch.bfloat16
  warnings.warn(
/home/ubuntu/Difflet/difflet/backends/trainium/core/application_base.py:879: UserWarning: Found torch.float32 weights in checkpoint: blocks.30.attn1.to_q.weight. Will convert to torch.bfloat16
  warnings.warn(
/home/ubuntu/Difflet/difflet/backends/trainium/core/application_base.py:879: UserWarning: Found torch.float32 weights in checkpoint: blocks.30.attn1.to_v.bias. Will convert to torch.bfloat16
  warnings.warn(
/home/ubuntu/Difflet/difflet/backends/trainium/core/application_base.py:879: UserWarning: Found torch.float32 weights in checkpoint: blocks.30.attn1.to_v.weight. Will convert to torch.bfloat16
  warnings.warn(
/home/ubuntu/Difflet/difflet/backends/trainium/core/application_base.py:879: UserWarning: Found torch.float32 weights in checkpoint: blocks.30.attn2.norm_k.weight. Will convert to torch.bfloat16
  warnings.warn(
/home/ubuntu/Difflet/difflet/backends/trainium/core/application_base.py:879: UserWarning: Found torch.float32 weights in checkpoint: blocks.30.attn2.norm_q.weight. Will convert to torch.bfloat16
  warnings.warn(
/home/ubuntu/Difflet/difflet/backends/trainium/core/application_base.py:879: UserWarning: Found torch.float32 weights in checkpoint: blocks.30.attn2.to_k.bias. Will convert to torch.bfloat16
  warnings.warn(
/home/ubuntu/Difflet/difflet/backends/trainium/core/application_base.py:879: UserWarning: Found torch.float32 weights in checkpoint: blocks.30.attn2.to_k.weight. Will convert to torch.bfloat16
  warnings.warn(
/home/ubuntu/Difflet/difflet/backends/trainium/core/application_base.py:879: UserWarning: Found torch.float32 weights in checkpoint: blocks.30.attn2.to_out.0.bias. Will convert to torch.bfloat16
  warnings.warn(
/home/ubuntu/Difflet/difflet/backends/trainium/core/application_base.py:879: UserWarning: Found torch.float32 weights in checkpoint: blocks.30.attn2.to_out.0.weight. Will convert to torch.bfloat16
  warnings.warn(
/home/ubuntu/Difflet/difflet/backends/trainium/core/application_base.py:879: UserWarning: Found torch.float32 weights in checkpoint: blocks.30.attn2.to_q.bias. Will convert to torch.bfloat16
  warnings.warn(
/home/ubuntu/Difflet/difflet/backends/trainium/core/application_base.py:879: UserWarning: Found torch.float32 weights in checkpoint: blocks.30.attn2.to_q.weight. Will convert to torch.bfloat16
  warnings.warn(
/home/ubuntu/Difflet/difflet/backends/trainium/core/application_base.py:879: UserWarning: Found torch.float32 weights in checkpoint: blocks.30.attn2.to_v.bias. Will convert to torch.bfloat16
  warnings.warn(
/home/ubuntu/Difflet/difflet/backends/trainium/core/application_base.py:879: UserWarning: Found torch.float32 weights in checkpoint: blocks.30.attn2.to_v.weight. Will convert to torch.bfloat16
  warnings.warn(
/home/ubuntu/Difflet/difflet/backends/trainium/core/application_base.py:879: UserWarning: Found torch.float32 weights in checkpoint: blocks.30.ffn.net_in.bias. Will convert to torch.bfloat16
  warnings.warn(
/home/ubuntu/Difflet/difflet/backends/trainium/core/application_base.py:879: UserWarning: Found torch.float32 weights in checkpoint: blocks.30.ffn.net_in.weight. Will convert to torch.bfloat16
  warnings.warn(
/home/ubuntu/Difflet/difflet/backends/trainium/core/application_base.py:879: UserWarning: Found torch.float32 weights in checkpoint: blocks.30.norm2.bias. Will convert to torch.bfloat16
  warnings.warn(
/home/ubuntu/Difflet/difflet/backends/trainium/core/application_base.py:879: UserWarning: Found torch.float32 weights in checkpoint: blocks.30.norm2.weight. Will convert to torch.bfloat16
  warnings.warn(
/home/ubuntu/Difflet/difflet/backends/trainium/core/application_base.py:879: UserWarning: Found torch.float32 weights in checkpoint: blocks.30.scale_shift_table. Will convert to torch.bfloat16
  warnings.warn(
/home/ubuntu/Difflet/difflet/backends/trainium/core/application_base.py:879: UserWarning: Found torch.float32 weights in checkpoint: blocks.10.attn1.norm_k.weight. Will convert to torch.bfloat16
  warnings.warn(
/home/ubuntu/Difflet/difflet/backends/trainium/core/application_base.py:879: UserWarning: Found torch.float32 weights in checkpoint: blocks.10.attn1.norm_q.weight. Will convert to torch.bfloat16
  warnings.warn(
/home/ubuntu/Difflet/difflet/backends/trainium/core/application_base.py:879: UserWarning: Found torch.float32 weights in checkpoint: blocks.10.attn1.to_k.bias. Will convert to torch.bfloat16
  warnings.warn(
/home/ubuntu/Difflet/difflet/backends/trainium/core/application_base.py:879: UserWarning: Found torch.float32 weights in checkpoint: blocks.10.attn1.to_k.weight. Will convert to torch.bfloat16
  warnings.warn(
/home/ubuntu/Difflet/difflet/backends/trainium/core/application_base.py:879: UserWarning: Found torch.float32 weights in checkpoint: blocks.10.attn1.to_out.0.bias. Will convert to torch.bfloat16
  warnings.warn(
/home/ubuntu/Difflet/difflet/backends/trainium/core/application_base.py:879: UserWarning: Found torch.float32 weights in checkpoint: blocks.10.attn1.to_out.0.weight. Will convert to torch.bfloat16
  warnings.warn(
/home/ubuntu/Difflet/difflet/backends/trainium/core/application_base.py:879: UserWarning: Found torch.float32 weights in checkpoint: blocks.10.attn1.to_q.bias. Will convert to torch.bfloat16
  warnings.warn(
/home/ubuntu/Difflet/difflet/backends/trainium/core/application_base.py:879: UserWarning: Found torch.float32 weights in checkpoint: blocks.10.attn1.to_q.weight. Will convert to torch.bfloat16
  warnings.warn(
/home/ubuntu/Difflet/difflet/backends/trainium/core/application_base.py:879: UserWarning: Found torch.float32 weights in checkpoint: blocks.10.attn1.to_v.bias. Will convert to torch.bfloat16
  warnings.warn(
/home/ubuntu/Difflet/difflet/backends/trainium/core/application_base.py:879: UserWarning: Found torch.float32 weights in checkpoint: blocks.10.attn1.to_v.weight. Will convert to torch.bfloat16
  warnings.warn(
/home/ubuntu/Difflet/difflet/backends/trainium/core/application_base.py:879: UserWarning: Found torch.float32 weights in checkpoint: blocks.10.attn2.norm_k.weight. Will convert to torch.bfloat16
  warnings.warn(
/home/ubuntu/Difflet/difflet/backends/trainium/core/application_base.py:879: UserWarning: Found torch.float32 weights in checkpoint: blocks.10.attn2.norm_q.weight. Will convert to torch.bfloat16
  warnings.warn(
/home/ubuntu/Difflet/difflet/backends/trainium/core/application_base.py:879: UserWarning: Found torch.float32 weights in checkpoint: blocks.10.attn2.to_k.bias. Will convert to torch.bfloat16
  warnings.warn(
/home/ubuntu/Difflet/difflet/backends/trainium/core/application_base.py:879: UserWarning: Found torch.float32 weights in checkpoint: blocks.10.attn2.to_k.weight. Will convert to torch.bfloat16
  warnings.warn(
/home/ubuntu/Difflet/difflet/backends/trainium/core/application_base.py:879: UserWarning: Found torch.float32 weights in checkpoint: blocks.10.attn2.to_out.0.bias. Will convert to torch.bfloat16
  warnings.warn(
/home/ubuntu/Difflet/difflet/backends/trainium/core/application_base.py:879: UserWarning: Found torch.float32 weights in checkpoint: blocks.10.attn2.to_out.0.weight. Will convert to torch.bfloat16
  warnings.warn(
/home/ubuntu/Difflet/difflet/backends/trainium/core/application_base.py:879: UserWarning: Found torch.float32 weights in checkpoint: blocks.10.attn2.to_q.bias. Will convert to torch.bfloat16
  warnings.warn(
/home/ubuntu/Difflet/difflet/backends/trainium/core/application_base.py:879: UserWarning: Found torch.float32 weights in checkpoint: blocks.10.attn2.to_q.weight. Will convert to torch.bfloat16
  warnings.warn(
/home/ubuntu/Difflet/difflet/backends/trainium/core/application_base.py:879: UserWarning: Found torch.float32 weights in checkpoint: blocks.10.attn2.to_v.bias. Will convert to torch.bfloat16
  warnings.warn(
/home/ubuntu/Difflet/difflet/backends/trainium/core/application_base.py:879: UserWarning: Found torch.float32 weights in checkpoint: blocks.10.attn2.to_v.weight. Will convert to torch.bfloat16
  warnings.warn(
/home/ubuntu/Difflet/difflet/backends/trainium/core/application_base.py:879: UserWarning: Found torch.float32 weights in checkpoint: blocks.10.ffn.net_in.bias. Will convert to torch.bfloat16
  warnings.warn(
/home/ubuntu/Difflet/difflet/backends/trainium/core/application_base.py:879: UserWarning: Found torch.float32 weights in checkpoint: blocks.10.ffn.net_in.weight. Will convert to torch.bfloat16
  warnings.warn(
/home/ubuntu/Difflet/difflet/backends/trainium/core/application_base.py:879: UserWarning: Found torch.float32 weights in checkpoint: blocks.10.ffn.net_out.bias. Will convert to torch.bfloat16
  warnings.warn(
/home/ubuntu/Difflet/difflet/backends/trainium/core/application_base.py:879: UserWarning: Found torch.float32 weights in checkpoint: blocks.10.ffn.net_out.weight. Will convert to torch.bfloat16
  warnings.warn(
/home/ubuntu/Difflet/difflet/backends/trainium/core/application_base.py:879: UserWarning: Found torch.float32 weights in checkpoint: blocks.10.norm2.bias. Will convert to torch.bfloat16
  warnings.warn(
/home/ubuntu/Difflet/difflet/backends/trainium/core/application_base.py:879: UserWarning: Found torch.float32 weights in checkpoint: blocks.10.norm2.weight. Will convert to torch.bfloat16
  warnings.warn(
/home/ubuntu/Difflet/difflet/backends/trainium/core/application_base.py:879: UserWarning: Found torch.float32 weights in checkpoint: blocks.10.scale_shift_table. Will convert to torch.bfloat16
  warnings.warn(
/home/ubuntu/Difflet/difflet/backends/trainium/core/application_base.py:879: UserWarning: Found torch.float32 weights in checkpoint: blocks.11.attn1.norm_k.weight. Will convert to torch.bfloat16
  warnings.warn(
/home/ubuntu/Difflet/difflet/backends/trainium/core/application_base.py:879: UserWarning: Found torch.float32 weights in checkpoint: blocks.11.attn1.norm_q.weight. Will convert to torch.bfloat16
  warnings.warn(
/home/ubuntu/Difflet/difflet/backends/trainium/core/application_base.py:879: UserWarning: Found torch.float32 weights in checkpoint: blocks.11.attn1.to_k.bias. Will convert to torch.bfloat16
  warnings.warn(
/home/ubuntu/Difflet/difflet/backends/trainium/core/application_base.py:879: UserWarning: Found torch.float32 weights in checkpoint: blocks.11.attn1.to_k.weight. Will convert to torch.bfloat16
  warnings.warn(
/home/ubuntu/Difflet/difflet/backends/trainium/core/application_base.py:879: UserWarning: Found torch.float32 weights in checkpoint: blocks.11.attn1.to_out.0.bias. Will convert to torch.bfloat16
  warnings.warn(
/home/ubuntu/Difflet/difflet/backends/trainium/core/application_base.py:879: UserWarning: Found torch.float32 weights in checkpoint: blocks.11.attn1.to_out.0.weight. Will convert to torch.bfloat16
  warnings.warn(
/home/ubuntu/Difflet/difflet/backends/trainium/core/application_base.py:879: UserWarning: Found torch.float32 weights in checkpoint: blocks.11.attn1.to_q.bias. Will convert to torch.bfloat16
  warnings.warn(
/home/ubuntu/Difflet/difflet/backends/trainium/core/application_base.py:879: UserWarning: Found torch.float32 weights in checkpoint: blocks.11.attn1.to_q.weight. Will convert to torch.bfloat16
  warnings.warn(
/home/ubuntu/Difflet/difflet/backends/trainium/core/application_base.py:879: UserWarning: Found torch.float32 weights in checkpoint: blocks.11.attn1.to_v.bias. Will convert to torch.bfloat16
  warnings.warn(
/home/ubuntu/Difflet/difflet/backends/trainium/core/application_base.py:879: UserWarning: Found torch.float32 weights in checkpoint: blocks.11.attn1.to_v.weight. Will convert to torch.bfloat16
  warnings.warn(
/home/ubuntu/Difflet/difflet/backends/trainium/core/application_base.py:879: UserWarning: Found torch.float32 weights in checkpoint: blocks.11.attn2.norm_k.weight. Will convert to torch.bfloat16
  warnings.warn(
/home/ubuntu/Difflet/difflet/backends/trainium/core/application_base.py:879: UserWarning: Found torch.float32 weights in checkpoint: blocks.11.attn2.norm_q.weight. Will convert to torch.bfloat16
  warnings.warn(
/home/ubuntu/Difflet/difflet/backends/trainium/core/application_base.py:879: UserWarning: Found torch.float32 weights in checkpoint: blocks.11.attn2.to_k.bias. Will convert to torch.bfloat16
  warnings.warn(
/home/ubuntu/Difflet/difflet/backends/trainium/core/application_base.py:879: UserWarning: Found torch.float32 weights in checkpoint: blocks.11.attn2.to_k.weight. Will convert to torch.bfloat16
  warnings.warn(
/home/ubuntu/Difflet/difflet/backends/trainium/core/application_base.py:879: UserWarning: Found torch.float32 weights in checkpoint: blocks.11.attn2.to_out.0.bias. Will convert to torch.bfloat16
  warnings.warn(
/home/ubuntu/Difflet/difflet/backends/trainium/core/application_base.py:879: UserWarning: Found torch.float32 weights in checkpoint: blocks.11.attn2.to_out.0.weight. Will convert to torch.bfloat16
  warnings.warn(
/home/ubuntu/Difflet/difflet/backends/trainium/core/application_base.py:879: UserWarning: Found torch.float32 weights in checkpoint: blocks.11.attn2.to_q.bias. Will convert to torch.bfloat16
  warnings.warn(
/home/ubuntu/Difflet/difflet/backends/trainium/core/application_base.py:879: UserWarning: Found torch.float32 weights in checkpoint: blocks.11.attn2.to_q.weight. Will convert to torch.bfloat16
  warnings.warn(
/home/ubuntu/Difflet/difflet/backends/trainium/core/application_base.py:879: UserWarning: Found torch.float32 weights in checkpoint: blocks.11.attn2.to_v.bias. Will convert to torch.bfloat16
  warnings.warn(
/home/ubuntu/Difflet/difflet/backends/trainium/core/application_base.py:879: UserWarning: Found torch.float32 weights in checkpoint: blocks.11.attn2.to_v.weight. Will convert to torch.bfloat16
  warnings.warn(
/home/ubuntu/Difflet/difflet/backends/trainium/core/application_base.py:879: UserWarning: Found torch.float32 weights in checkpoint: blocks.11.ffn.net_in.bias. Will convert to torch.bfloat16
  warnings.warn(
/home/ubuntu/Difflet/difflet/backends/trainium/core/application_base.py:879: UserWarning: Found torch.float32 weights in checkpoint: blocks.11.ffn.net_in.weight. Will convert to torch.bfloat16
  warnings.warn(
/home/ubuntu/Difflet/difflet/backends/trainium/core/application_base.py:879: UserWarning: Found torch.float32 weights in checkpoint: blocks.11.ffn.net_out.bias. Will convert to torch.bfloat16
  warnings.warn(
/home/ubuntu/Difflet/difflet/backends/trainium/core/application_base.py:879: UserWarning: Found torch.float32 weights in checkpoint: blocks.11.ffn.net_out.weight. Will convert to torch.bfloat16
  warnings.warn(
/home/ubuntu/Difflet/difflet/backends/trainium/core/application_base.py:879: UserWarning: Found torch.float32 weights in checkpoint: blocks.11.norm2.bias. Will convert to torch.bfloat16
  warnings.warn(
/home/ubuntu/Difflet/difflet/backends/trainium/core/application_base.py:879: UserWarning: Found torch.float32 weights in checkpoint: blocks.11.norm2.weight. Will convert to torch.bfloat16
  warnings.warn(
/home/ubuntu/Difflet/difflet/backends/trainium/core/application_base.py:879: UserWarning: Found torch.float32 weights in checkpoint: blocks.11.scale_shift_table. Will convert to torch.bfloat16
  warnings.warn(
/home/ubuntu/Difflet/difflet/backends/trainium/core/application_base.py:879: UserWarning: Found torch.float32 weights in checkpoint: blocks.12.attn1.norm_k.weight. Will convert to torch.bfloat16
  warnings.warn(
/home/ubuntu/Difflet/difflet/backends/trainium/core/application_base.py:879: UserWarning: Found torch.float32 weights in checkpoint: blocks.12.attn1.norm_q.weight. Will convert to torch.bfloat16
  warnings.warn(
/home/ubuntu/Difflet/difflet/backends/trainium/core/application_base.py:879: UserWarning: Found torch.float32 weights in checkpoint: blocks.12.attn1.to_k.bias. Will convert to torch.bfloat16
  warnings.warn(
/home/ubuntu/Difflet/difflet/backends/trainium/core/application_base.py:879: UserWarning: Found torch.float32 weights in checkpoint: blocks.12.attn1.to_k.weight. Will convert to torch.bfloat16
  warnings.warn(
/home/ubuntu/Difflet/difflet/backends/trainium/core/application_base.py:879: UserWarning: Found torch.float32 weights in checkpoint: blocks.12.attn1.to_out.0.bias. Will convert to torch.bfloat16
  warnings.warn(
/home/ubuntu/Difflet/difflet/backends/trainium/core/application_base.py:879: UserWarning: Found torch.float32 weights in checkpoint: blocks.12.attn1.to_out.0.weight. Will convert to torch.bfloat16
  warnings.warn(
/home/ubuntu/Difflet/difflet/backends/trainium/core/application_base.py:879: UserWarning: Found torch.float32 weights in checkpoint: blocks.12.attn1.to_q.bias. Will convert to torch.bfloat16
  warnings.warn(
/home/ubuntu/Difflet/difflet/backends/trainium/core/application_base.py:879: UserWarning: Found torch.float32 weights in checkpoint: blocks.12.attn1.to_q.weight. Will convert to torch.bfloat16
  warnings.warn(
/home/ubuntu/Difflet/difflet/backends/trainium/core/application_base.py:879: UserWarning: Found torch.float32 weights in checkpoint: blocks.12.attn1.to_v.bias. Will convert to torch.bfloat16
  warnings.warn(
/home/ubuntu/Difflet/difflet/backends/trainium/core/application_base.py:879: UserWarning: Found torch.float32 weights in checkpoint: blocks.12.attn1.to_v.weight. Will convert to torch.bfloat16
  warnings.warn(
/home/ubuntu/Difflet/difflet/backends/trainium/core/application_base.py:879: UserWarning: Found torch.float32 weights in checkpoint: blocks.12.attn2.norm_k.weight. Will convert to torch.bfloat16
  warnings.warn(
/home/ubuntu/Difflet/difflet/backends/trainium/core/application_base.py:879: UserWarning: Found torch.float32 weights in checkpoint: blocks.12.attn2.norm_q.weight. Will convert to torch.bfloat16
  warnings.warn(
/home/ubuntu/Difflet/difflet/backends/trainium/core/application_base.py:879: UserWarning: Found torch.float32 weights in checkpoint: blocks.12.attn2.to_k.bias. Will convert to torch.bfloat16
  warnings.warn(
/home/ubuntu/Difflet/difflet/backends/trainium/core/application_base.py:879: UserWarning: Found torch.float32 weights in checkpoint: blocks.12.attn2.to_k.weight. Will convert to torch.bfloat16
  warnings.warn(
/home/ubuntu/Difflet/difflet/backends/trainium/core/application_base.py:879: UserWarning: Found torch.float32 weights in checkpoint: blocks.12.attn2.to_out.0.bias. Will convert to torch.bfloat16
  warnings.warn(
/home/ubuntu/Difflet/difflet/backends/trainium/core/application_base.py:879: UserWarning: Found torch.float32 weights in checkpoint: blocks.12.attn2.to_out.0.weight. Will convert to torch.bfloat16
  warnings.warn(
/home/ubuntu/Difflet/difflet/backends/trainium/core/application_base.py:879: UserWarning: Found torch.float32 weights in checkpoint: blocks.12.attn2.to_q.bias. Will convert to torch.bfloat16
  warnings.warn(
/home/ubuntu/Difflet/difflet/backends/trainium/core/application_base.py:879: UserWarning: Found torch.float32 weights in checkpoint: blocks.12.attn2.to_q.weight. Will convert to torch.bfloat16
  warnings.warn(
/home/ubuntu/Difflet/difflet/backends/trainium/core/application_base.py:879: UserWarning: Found torch.float32 weights in checkpoint: blocks.12.attn2.to_v.bias. Will convert to torch.bfloat16
  warnings.warn(
/home/ubuntu/Difflet/difflet/backends/trainium/core/application_base.py:879: UserWarning: Found torch.float32 weights in checkpoint: blocks.12.attn2.to_v.weight. Will convert to torch.bfloat16
  warnings.warn(
/home/ubuntu/Difflet/difflet/backends/trainium/core/application_base.py:879: UserWarning: Found torch.float32 weights in checkpoint: blocks.12.ffn.net_in.bias. Will convert to torch.bfloat16
  warnings.warn(
/home/ubuntu/Difflet/difflet/backends/trainium/core/application_base.py:879: UserWarning: Found torch.float32 weights in checkpoint: blocks.12.ffn.net_in.weight. Will convert to torch.bfloat16
  warnings.warn(
/home/ubuntu/Difflet/difflet/backends/trainium/core/application_base.py:879: UserWarning: Found torch.float32 weights in checkpoint: blocks.12.ffn.net_out.bias. Will convert to torch.bfloat16
  warnings.warn(
/home/ubuntu/Difflet/difflet/backends/trainium/core/application_base.py:879: UserWarning: Found torch.float32 weights in checkpoint: blocks.12.ffn.net_out.weight. Will convert to torch.bfloat16
  warnings.warn(
/home/ubuntu/Difflet/difflet/backends/trainium/core/application_base.py:879: UserWarning: Found torch.float32 weights in checkpoint: blocks.12.norm2.bias. Will convert to torch.bfloat16
  warnings.warn(
/home/ubuntu/Difflet/difflet/backends/trainium/core/application_base.py:879: UserWarning: Found torch.float32 weights in checkpoint: blocks.12.norm2.weight. Will convert to torch.bfloat16
  warnings.warn(
/home/ubuntu/Difflet/difflet/backends/trainium/core/application_base.py:879: UserWarning: Found torch.float32 weights in checkpoint: blocks.12.scale_shift_table. Will convert to torch.bfloat16
  warnings.warn(
/home/ubuntu/Difflet/difflet/backends/trainium/core/application_base.py:879: UserWarning: Found torch.float32 weights in checkpoint: blocks.13.attn1.norm_k.weight. Will convert to torch.bfloat16
  warnings.warn(
/home/ubuntu/Difflet/difflet/backends/trainium/core/application_base.py:879: UserWarning: Found torch.float32 weights in checkpoint: blocks.13.attn1.norm_q.weight. Will convert to torch.bfloat16
  warnings.warn(
/home/ubuntu/Difflet/difflet/backends/trainium/core/application_base.py:879: UserWarning: Found torch.float32 weights in checkpoint: blocks.13.attn1.to_k.bias. Will convert to torch.bfloat16
  warnings.warn(
/home/ubuntu/Difflet/difflet/backends/trainium/core/application_base.py:879: UserWarning: Found torch.float32 weights in checkpoint: blocks.13.attn1.to_k.weight. Will convert to torch.bfloat16
  warnings.warn(
/home/ubuntu/Difflet/difflet/backends/trainium/core/application_base.py:879: UserWarning: Found torch.float32 weights in checkpoint: blocks.13.attn1.to_out.0.bias. Will convert to torch.bfloat16
  warnings.warn(
/home/ubuntu/Difflet/difflet/backends/trainium/core/application_base.py:879: UserWarning: Found torch.float32 weights in checkpoint: blocks.13.attn1.to_out.0.weight. Will convert to torch.bfloat16
  warnings.warn(
/home/ubuntu/Difflet/difflet/backends/trainium/core/application_base.py:879: UserWarning: Found torch.float32 weights in checkpoint: blocks.13.attn1.to_q.bias. Will convert to torch.bfloat16
  warnings.warn(
/home/ubuntu/Difflet/difflet/backends/trainium/core/application_base.py:879: UserWarning: Found torch.float32 weights in checkpoint: blocks.13.attn1.to_q.weight. Will convert to torch.bfloat16
  warnings.warn(
/home/ubuntu/Difflet/difflet/backends/trainium/core/application_base.py:879: UserWarning: Found torch.float32 weights in checkpoint: blocks.13.attn1.to_v.bias. Will convert to torch.bfloat16
  warnings.warn(
/home/ubuntu/Difflet/difflet/backends/trainium/core/application_base.py:879: UserWarning: Found torch.float32 weights in checkpoint: blocks.13.attn1.to_v.weight. Will convert to torch.bfloat16
  warnings.warn(
/home/ubuntu/Difflet/difflet/backends/trainium/core/application_base.py:879: UserWarning: Found torch.float32 weights in checkpoint: blocks.13.attn2.norm_k.weight. Will convert to torch.bfloat16
  warnings.warn(
/home/ubuntu/Difflet/difflet/backends/trainium/core/application_base.py:879: UserWarning: Found torch.float32 weights in checkpoint: blocks.13.attn2.norm_q.weight. Will convert to torch.bfloat16
  warnings.warn(
/home/ubuntu/Difflet/difflet/backends/trainium/core/application_base.py:879: UserWarning: Found torch.float32 weights in checkpoint: blocks.13.scale_shift_table. Will convert to torch.bfloat16
  warnings.warn(
/home/ubuntu/Difflet/difflet/backends/trainium/core/application_base.py:879: UserWarning: Found torch.float32 weights in checkpoint: blocks.9.ffn.net_out.bias. Will convert to torch.bfloat16
  warnings.warn(
/home/ubuntu/Difflet/difflet/backends/trainium/core/application_base.py:879: UserWarning: Found torch.float32 weights in checkpoint: blocks.9.ffn.net_out.weight. Will convert to torch.bfloat16
  warnings.warn(
/home/ubuntu/Difflet/difflet/backends/trainium/core/application_base.py:879: UserWarning: Found torch.float32 weights in checkpoint: blocks.30.ffn.net_out.bias. Will convert to torch.bfloat16
  warnings.warn(
/home/ubuntu/Difflet/difflet/backends/trainium/core/application_base.py:879: UserWarning: Found torch.float32 weights in checkpoint: blocks.30.ffn.net_out.weight. Will convert to torch.bfloat16
  warnings.warn(
/home/ubuntu/Difflet/difflet/backends/trainium/core/application_base.py:879: UserWarning: Found torch.float32 weights in checkpoint: blocks.31.attn1.norm_k.weight. Will convert to torch.bfloat16
  warnings.warn(
/home/ubuntu/Difflet/difflet/backends/trainium/core/application_base.py:879: UserWarning: Found torch.float32 weights in checkpoint: blocks.31.attn1.norm_q.weight. Will convert to torch.bfloat16
  warnings.warn(
/home/ubuntu/Difflet/difflet/backends/trainium/core/application_base.py:879: UserWarning: Found torch.float32 weights in checkpoint: blocks.31.attn1.to_k.bias. Will convert to torch.bfloat16
  warnings.warn(
/home/ubuntu/Difflet/difflet/backends/trainium/core/application_base.py:879: UserWarning: Found torch.float32 weights in checkpoint: blocks.31.attn1.to_k.weight. Will convert to torch.bfloat16
  warnings.warn(
/home/ubuntu/Difflet/difflet/backends/trainium/core/application_base.py:879: UserWarning: Found torch.float32 weights in checkpoint: blocks.31.attn1.to_out.0.bias. Will convert to torch.bfloat16
  warnings.warn(
/home/ubuntu/Difflet/difflet/backends/trainium/core/application_base.py:879: UserWarning: Found torch.float32 weights in checkpoint: blocks.31.attn1.to_out.0.weight. Will convert to torch.bfloat16
  warnings.warn(
/home/ubuntu/Difflet/difflet/backends/trainium/core/application_base.py:879: UserWarning: Found torch.float32 weights in checkpoint: blocks.31.attn1.to_q.bias. Will convert to torch.bfloat16
  warnings.warn(
/home/ubuntu/Difflet/difflet/backends/trainium/core/application_base.py:879: UserWarning: Found torch.float32 weights in checkpoint: blocks.31.attn1.to_q.weight. Will convert to torch.bfloat16
  warnings.warn(
/home/ubuntu/Difflet/difflet/backends/trainium/core/application_base.py:879: UserWarning: Found torch.float32 weights in checkpoint: blocks.31.attn1.to_v.bias. Will convert to torch.bfloat16
  warnings.warn(
/home/ubuntu/Difflet/difflet/backends/trainium/core/application_base.py:879: UserWarning: Found torch.float32 weights in checkpoint: blocks.31.attn1.to_v.weight. Will convert to torch.bfloat16
  warnings.warn(
/home/ubuntu/Difflet/difflet/backends/trainium/core/application_base.py:879: UserWarning: Found torch.float32 weights in checkpoint: blocks.31.attn2.norm_k.weight. Will convert to torch.bfloat16
  warnings.warn(
/home/ubuntu/Difflet/difflet/backends/trainium/core/application_base.py:879: UserWarning: Found torch.float32 weights in checkpoint: blocks.31.attn2.norm_q.weight. Will convert to torch.bfloat16
  warnings.warn(
/home/ubuntu/Difflet/difflet/backends/trainium/core/application_base.py:879: UserWarning: Found torch.float32 weights in checkpoint: blocks.31.attn2.to_k.bias. Will convert to torch.bfloat16
  warnings.warn(
/home/ubuntu/Difflet/difflet/backends/trainium/core/application_base.py:879: UserWarning: Found torch.float32 weights in checkpoint: blocks.31.attn2.to_k.weight. Will convert to torch.bfloat16
  warnings.warn(
/home/ubuntu/Difflet/difflet/backends/trainium/core/application_base.py:879: UserWarning: Found torch.float32 weights in checkpoint: blocks.31.attn2.to_out.0.bias. Will convert to torch.bfloat16
  warnings.warn(
/home/ubuntu/Difflet/difflet/backends/trainium/core/application_base.py:879: UserWarning: Found torch.float32 weights in checkpoint: blocks.31.attn2.to_out.0.weight. Will convert to torch.bfloat16
  warnings.warn(
/home/ubuntu/Difflet/difflet/backends/trainium/core/application_base.py:879: UserWarning: Found torch.float32 weights in checkpoint: blocks.31.attn2.to_q.bias. Will convert to torch.bfloat16
  warnings.warn(
/home/ubuntu/Difflet/difflet/backends/trainium/core/application_base.py:879: UserWarning: Found torch.float32 weights in checkpoint: blocks.31.attn2.to_q.weight. Will convert to torch.bfloat16
  warnings.warn(
/home/ubuntu/Difflet/difflet/backends/trainium/core/application_base.py:879: UserWarning: Found torch.float32 weights in checkpoint: blocks.31.attn2.to_v.bias. Will convert to torch.bfloat16
  warnings.warn(
/home/ubuntu/Difflet/difflet/backends/trainium/core/application_base.py:879: UserWarning: Found torch.float32 weights in checkpoint: blocks.31.attn2.to_v.weight. Will convert to torch.bfloat16
  warnings.warn(
/home/ubuntu/Difflet/difflet/backends/trainium/core/application_base.py:879: UserWarning: Found torch.float32 weights in checkpoint: blocks.31.ffn.net_in.bias. Will convert to torch.bfloat16
  warnings.warn(
/home/ubuntu/Difflet/difflet/backends/trainium/core/application_base.py:879: UserWarning: Found torch.float32 weights in checkpoint: blocks.31.ffn.net_in.weight. Will convert to torch.bfloat16
  warnings.warn(
/home/ubuntu/Difflet/difflet/backends/trainium/core/application_base.py:879: UserWarning: Found torch.float32 weights in checkpoint: blocks.31.ffn.net_out.bias. Will convert to torch.bfloat16
  warnings.warn(
/home/ubuntu/Difflet/difflet/backends/trainium/core/application_base.py:879: UserWarning: Found torch.float32 weights in checkpoint: blocks.31.ffn.net_out.weight. Will convert to torch.bfloat16
  warnings.warn(
/home/ubuntu/Difflet/difflet/backends/trainium/core/application_base.py:879: UserWarning: Found torch.float32 weights in checkpoint: blocks.31.norm2.bias. Will convert to torch.bfloat16
  warnings.warn(
/home/ubuntu/Difflet/difflet/backends/trainium/core/application_base.py:879: UserWarning: Found torch.float32 weights in checkpoint: blocks.31.norm2.weight. Will convert to torch.bfloat16
  warnings.warn(
/home/ubuntu/Difflet/difflet/backends/trainium/core/application_base.py:879: UserWarning: Found torch.float32 weights in checkpoint: blocks.31.scale_shift_table. Will convert to torch.bfloat16
  warnings.warn(
/home/ubuntu/Difflet/difflet/backends/trainium/core/application_base.py:879: UserWarning: Found torch.float32 weights in checkpoint: blocks.32.attn1.norm_k.weight. Will convert to torch.bfloat16
  warnings.warn(
/home/ubuntu/Difflet/difflet/backends/trainium/core/application_base.py:879: UserWarning: Found torch.float32 weights in checkpoint: blocks.32.attn1.norm_q.weight. Will convert to torch.bfloat16
  warnings.warn(
/home/ubuntu/Difflet/difflet/backends/trainium/core/application_base.py:879: UserWarning: Found torch.float32 weights in checkpoint: blocks.32.attn1.to_k.bias. Will convert to torch.bfloat16
  warnings.warn(
/home/ubuntu/Difflet/difflet/backends/trainium/core/application_base.py:879: UserWarning: Found torch.float32 weights in checkpoint: blocks.32.attn1.to_k.weight. Will convert to torch.bfloat16
  warnings.warn(
/home/ubuntu/Difflet/difflet/backends/trainium/core/application_base.py:879: UserWarning: Found torch.float32 weights in checkpoint: blocks.32.attn1.to_out.0.bias. Will convert to torch.bfloat16
  warnings.warn(
/home/ubuntu/Difflet/difflet/backends/trainium/core/application_base.py:879: UserWarning: Found torch.float32 weights in checkpoint: blocks.32.attn1.to_out.0.weight. Will convert to torch.bfloat16
  warnings.warn(
/home/ubuntu/Difflet/difflet/backends/trainium/core/application_base.py:879: UserWarning: Found torch.float32 weights in checkpoint: blocks.32.attn1.to_q.bias. Will convert to torch.bfloat16
  warnings.warn(
/home/ubuntu/Difflet/difflet/backends/trainium/core/application_base.py:879: UserWarning: Found torch.float32 weights in checkpoint: blocks.32.attn1.to_q.weight. Will convert to torch.bfloat16
  warnings.warn(
/home/ubuntu/Difflet/difflet/backends/trainium/core/application_base.py:879: UserWarning: Found torch.float32 weights in checkpoint: blocks.32.attn1.to_v.bias. Will convert to torch.bfloat16
  warnings.warn(
/home/ubuntu/Difflet/difflet/backends/trainium/core/application_base.py:879: UserWarning: Found torch.float32 weights in checkpoint: blocks.32.attn1.to_v.weight. Will convert to torch.bfloat16
  warnings.warn(
/home/ubuntu/Difflet/difflet/backends/trainium/core/application_base.py:879: UserWarning: Found torch.float32 weights in checkpoint: blocks.32.attn2.norm_k.weight. Will convert to torch.bfloat16
  warnings.warn(
/home/ubuntu/Difflet/difflet/backends/trainium/core/application_base.py:879: UserWarning: Found torch.float32 weights in checkpoint: blocks.32.attn2.norm_q.weight. Will convert to torch.bfloat16
  warnings.warn(
/home/ubuntu/Difflet/difflet/backends/trainium/core/application_base.py:879: UserWarning: Found torch.float32 weights in checkpoint: blocks.32.attn2.to_k.bias. Will convert to torch.bfloat16
  warnings.warn(
/home/ubuntu/Difflet/difflet/backends/trainium/core/application_base.py:879: UserWarning: Found torch.float32 weights in checkpoint: blocks.32.attn2.to_k.weight. Will convert to torch.bfloat16
  warnings.warn(
/home/ubuntu/Difflet/difflet/backends/trainium/core/application_base.py:879: UserWarning: Found torch.float32 weights in checkpoint: blocks.32.attn2.to_out.0.bias. Will convert to torch.bfloat16
  warnings.warn(
/home/ubuntu/Difflet/difflet/backends/trainium/core/application_base.py:879: UserWarning: Found torch.float32 weights in checkpoint: blocks.32.attn2.to_out.0.weight. Will convert to torch.bfloat16
  warnings.warn(
/home/ubuntu/Difflet/difflet/backends/trainium/core/application_base.py:879: UserWarning: Found torch.float32 weights in checkpoint: blocks.32.attn2.to_q.bias. Will convert to torch.bfloat16
  warnings.warn(
/home/ubuntu/Difflet/difflet/backends/trainium/core/application_base.py:879: UserWarning: Found torch.float32 weights in checkpoint: blocks.32.attn2.to_q.weight. Will convert to torch.bfloat16
  warnings.warn(
/home/ubuntu/Difflet/difflet/backends/trainium/core/application_base.py:879: UserWarning: Found torch.float32 weights in checkpoint: blocks.32.attn2.to_v.bias. Will convert to torch.bfloat16
  warnings.warn(
/home/ubuntu/Difflet/difflet/backends/trainium/core/application_base.py:879: UserWarning: Found torch.float32 weights in checkpoint: blocks.32.attn2.to_v.weight. Will convert to torch.bfloat16
  warnings.warn(
/home/ubuntu/Difflet/difflet/backends/trainium/core/application_base.py:879: UserWarning: Found torch.float32 weights in checkpoint: blocks.32.ffn.net_in.bias. Will convert to torch.bfloat16
  warnings.warn(
/home/ubuntu/Difflet/difflet/backends/trainium/core/application_base.py:879: UserWarning: Found torch.float32 weights in checkpoint: blocks.32.ffn.net_in.weight. Will convert to torch.bfloat16
  warnings.warn(
/home/ubuntu/Difflet/difflet/backends/trainium/core/application_base.py:879: UserWarning: Found torch.float32 weights in checkpoint: blocks.32.ffn.net_out.bias. Will convert to torch.bfloat16
  warnings.warn(
/home/ubuntu/Difflet/difflet/backends/trainium/core/application_base.py:879: UserWarning: Found torch.float32 weights in checkpoint: blocks.32.ffn.net_out.weight. Will convert to torch.bfloat16
  warnings.warn(
/home/ubuntu/Difflet/difflet/backends/trainium/core/application_base.py:879: UserWarning: Found torch.float32 weights in checkpoint: blocks.32.norm2.bias. Will convert to torch.bfloat16
  warnings.warn(
/home/ubuntu/Difflet/difflet/backends/trainium/core/application_base.py:879: UserWarning: Found torch.float32 weights in checkpoint: blocks.32.norm2.weight. Will convert to torch.bfloat16
  warnings.warn(
/home/ubuntu/Difflet/difflet/backends/trainium/core/application_base.py:879: UserWarning: Found torch.float32 weights in checkpoint: blocks.32.scale_shift_table. Will convert to torch.bfloat16
  warnings.warn(
/home/ubuntu/Difflet/difflet/backends/trainium/core/application_base.py:879: UserWarning: Found torch.float32 weights in checkpoint: blocks.33.attn1.norm_k.weight. Will convert to torch.bfloat16
  warnings.warn(
/home/ubuntu/Difflet/difflet/backends/trainium/core/application_base.py:879: UserWarning: Found torch.float32 weights in checkpoint: blocks.33.attn1.norm_q.weight. Will convert to torch.bfloat16
  warnings.warn(
/home/ubuntu/Difflet/difflet/backends/trainium/core/application_base.py:879: UserWarning: Found torch.float32 weights in checkpoint: blocks.33.attn1.to_k.bias. Will convert to torch.bfloat16
  warnings.warn(
/home/ubuntu/Difflet/difflet/backends/trainium/core/application_base.py:879: UserWarning: Found torch.float32 weights in checkpoint: blocks.33.attn1.to_k.weight. Will convert to torch.bfloat16
  warnings.warn(
/home/ubuntu/Difflet/difflet/backends/trainium/core/application_base.py:879: UserWarning: Found torch.float32 weights in checkpoint: blocks.33.attn1.to_out.0.bias. Will convert to torch.bfloat16
  warnings.warn(
/home/ubuntu/Difflet/difflet/backends/trainium/core/application_base.py:879: UserWarning: Found torch.float32 weights in checkpoint: blocks.33.attn1.to_out.0.weight. Will convert to torch.bfloat16
  warnings.warn(
/home/ubuntu/Difflet/difflet/backends/trainium/core/application_base.py:879: UserWarning: Found torch.float32 weights in checkpoint: blocks.33.attn1.to_q.bias. Will convert to torch.bfloat16
  warnings.warn(
/home/ubuntu/Difflet/difflet/backends/trainium/core/application_base.py:879: UserWarning: Found torch.float32 weights in checkpoint: blocks.33.attn1.to_q.weight. Will convert to torch.bfloat16
  warnings.warn(
/home/ubuntu/Difflet/difflet/backends/trainium/core/application_base.py:879: UserWarning: Found torch.float32 weights in checkpoint: blocks.33.attn1.to_v.bias. Will convert to torch.bfloat16
  warnings.warn(
/home/ubuntu/Difflet/difflet/backends/trainium/core/application_base.py:879: UserWarning: Found torch.float32 weights in checkpoint: blocks.33.attn1.to_v.weight. Will convert to torch.bfloat16
  warnings.warn(
/home/ubuntu/Difflet/difflet/backends/trainium/core/application_base.py:879: UserWarning: Found torch.float32 weights in checkpoint: blocks.33.attn2.norm_k.weight. Will convert to torch.bfloat16
  warnings.warn(
/home/ubuntu/Difflet/difflet/backends/trainium/core/application_base.py:879: UserWarning: Found torch.float32 weights in checkpoint: blocks.33.attn2.norm_q.weight. Will convert to torch.bfloat16
  warnings.warn(
/home/ubuntu/Difflet/difflet/backends/trainium/core/application_base.py:879: UserWarning: Found torch.float32 weights in checkpoint: blocks.33.attn2.to_k.bias. Will convert to torch.bfloat16
  warnings.warn(
/home/ubuntu/Difflet/difflet/backends/trainium/core/application_base.py:879: UserWarning: Found torch.float32 weights in checkpoint: blocks.33.attn2.to_k.weight. Will convert to torch.bfloat16
  warnings.warn(
/home/ubuntu/Difflet/difflet/backends/trainium/core/application_base.py:879: UserWarning: Found torch.float32 weights in checkpoint: blocks.33.attn2.to_out.0.bias. Will convert to torch.bfloat16
  warnings.warn(
/home/ubuntu/Difflet/difflet/backends/trainium/core/application_base.py:879: UserWarning: Found torch.float32 weights in checkpoint: blocks.33.attn2.to_out.0.weight. Will convert to torch.bfloat16
  warnings.warn(
/home/ubuntu/Difflet/difflet/backends/trainium/core/application_base.py:879: UserWarning: Found torch.float32 weights in checkpoint: blocks.33.attn2.to_q.bias. Will convert to torch.bfloat16
  warnings.warn(
/home/ubuntu/Difflet/difflet/backends/trainium/core/application_base.py:879: UserWarning: Found torch.float32 weights in checkpoint: blocks.33.attn2.to_q.weight. Will convert to torch.bfloat16
  warnings.warn(
/home/ubuntu/Difflet/difflet/backends/trainium/core/application_base.py:879: UserWarning: Found torch.float32 weights in checkpoint: blocks.33.attn2.to_v.bias. Will convert to torch.bfloat16
  warnings.warn(
/home/ubuntu/Difflet/difflet/backends/trainium/core/application_base.py:879: UserWarning: Found torch.float32 weights in checkpoint: blocks.33.attn2.to_v.weight. Will convert to torch.bfloat16
  warnings.warn(
/home/ubuntu/Difflet/difflet/backends/trainium/core/application_base.py:879: UserWarning: Found torch.float32 weights in checkpoint: blocks.33.ffn.net_in.bias. Will convert to torch.bfloat16
  warnings.warn(
/home/ubuntu/Difflet/difflet/backends/trainium/core/application_base.py:879: UserWarning: Found torch.float32 weights in checkpoint: blocks.33.ffn.net_in.weight. Will convert to torch.bfloat16
  warnings.warn(
/home/ubuntu/Difflet/difflet/backends/trainium/core/application_base.py:879: UserWarning: Found torch.float32 weights in checkpoint: blocks.33.ffn.net_out.bias. Will convert to torch.bfloat16
  warnings.warn(
/home/ubuntu/Difflet/difflet/backends/trainium/core/application_base.py:879: UserWarning: Found torch.float32 weights in checkpoint: blocks.33.ffn.net_out.weight. Will convert to torch.bfloat16
  warnings.warn(
/home/ubuntu/Difflet/difflet/backends/trainium/core/application_base.py:879: UserWarning: Found torch.float32 weights in checkpoint: blocks.33.norm2.bias. Will convert to torch.bfloat16
  warnings.warn(
/home/ubuntu/Difflet/difflet/backends/trainium/core/application_base.py:879: UserWarning: Found torch.float32 weights in checkpoint: blocks.33.norm2.weight. Will convert to torch.bfloat16
  warnings.warn(
/home/ubuntu/Difflet/difflet/backends/trainium/core/application_base.py:879: UserWarning: Found torch.float32 weights in checkpoint: blocks.33.scale_shift_table. Will convert to torch.bfloat16
  warnings.warn(
/home/ubuntu/Difflet/difflet/backends/trainium/core/application_base.py:879: UserWarning: Found torch.float32 weights in checkpoint: blocks.34.attn1.norm_k.weight. Will convert to torch.bfloat16
  warnings.warn(
/home/ubuntu/Difflet/difflet/backends/trainium/core/application_base.py:879: UserWarning: Found torch.float32 weights in checkpoint: blocks.34.attn1.norm_q.weight. Will convert to torch.bfloat16
  warnings.warn(
/home/ubuntu/Difflet/difflet/backends/trainium/core/application_base.py:879: UserWarning: Found torch.float32 weights in checkpoint: blocks.34.attn1.to_k.bias. Will convert to torch.bfloat16
  warnings.warn(
/home/ubuntu/Difflet/difflet/backends/trainium/core/application_base.py:879: UserWarning: Found torch.float32 weights in checkpoint: blocks.34.attn1.to_k.weight. Will convert to torch.bfloat16
  warnings.warn(
/home/ubuntu/Difflet/difflet/backends/trainium/core/application_base.py:879: UserWarning: Found torch.float32 weights in checkpoint: blocks.34.attn1.to_out.0.bias. Will convert to torch.bfloat16
  warnings.warn(
/home/ubuntu/Difflet/difflet/backends/trainium/core/application_base.py:879: UserWarning: Found torch.float32 weights in checkpoint: blocks.34.attn1.to_out.0.weight. Will convert to torch.bfloat16
  warnings.warn(
/home/ubuntu/Difflet/difflet/backends/trainium/core/application_base.py:879: UserWarning: Found torch.float32 weights in checkpoint: blocks.34.attn1.to_q.bias. Will convert to torch.bfloat16
  warnings.warn(
/home/ubuntu/Difflet/difflet/backends/trainium/core/application_base.py:879: UserWarning: Found torch.float32 weights in checkpoint: blocks.34.attn1.to_q.weight. Will convert to torch.bfloat16
  warnings.warn(
/home/ubuntu/Difflet/difflet/backends/trainium/core/application_base.py:879: UserWarning: Found torch.float32 weights in checkpoint: blocks.34.attn1.to_v.bias. Will convert to torch.bfloat16
  warnings.warn(
/home/ubuntu/Difflet/difflet/backends/trainium/core/application_base.py:879: UserWarning: Found torch.float32 weights in checkpoint: blocks.34.attn1.to_v.weight. Will convert to torch.bfloat16
  warnings.warn(
/home/ubuntu/Difflet/difflet/backends/trainium/core/application_base.py:879: UserWarning: Found torch.float32 weights in checkpoint: blocks.34.attn2.norm_k.weight. Will convert to torch.bfloat16
  warnings.warn(
/home/ubuntu/Difflet/difflet/backends/trainium/core/application_base.py:879: UserWarning: Found torch.float32 weights in checkpoint: blocks.34.attn2.norm_q.weight. Will convert to torch.bfloat16
  warnings.warn(
/home/ubuntu/Difflet/difflet/backends/trainium/core/application_base.py:879: UserWarning: Found torch.float32 weights in checkpoint: blocks.34.scale_shift_table. Will convert to torch.bfloat16
  warnings.warn(
/home/ubuntu/Difflet/difflet/backends/trainium/core/application_base.py:879: UserWarning: Found torch.float32 weights in checkpoint: blocks.23.ffn.net_out.bias. Will convert to torch.bfloat16
  warnings.warn(
/home/ubuntu/Difflet/difflet/backends/trainium/core/application_base.py:879: UserWarning: Found torch.float32 weights in checkpoint: blocks.23.ffn.net_out.weight. Will convert to torch.bfloat16
  warnings.warn(
/home/ubuntu/Difflet/difflet/backends/trainium/core/application_base.py:879: UserWarning: Found torch.float32 weights in checkpoint: blocks.24.attn1.norm_k.weight. Will convert to torch.bfloat16
  warnings.warn(
/home/ubuntu/Difflet/difflet/backends/trainium/core/application_base.py:879: UserWarning: Found torch.float32 weights in checkpoint: blocks.24.attn1.norm_q.weight. Will convert to torch.bfloat16
  warnings.warn(
/home/ubuntu/Difflet/difflet/backends/trainium/core/application_base.py:879: UserWarning: Found torch.float32 weights in checkpoint: blocks.24.attn1.to_k.bias. Will convert to torch.bfloat16
  warnings.warn(
/home/ubuntu/Difflet/difflet/backends/trainium/core/application_base.py:879: UserWarning: Found torch.float32 weights in checkpoint: blocks.24.attn1.to_k.weight. Will convert to torch.bfloat16
  warnings.warn(
/home/ubuntu/Difflet/difflet/backends/trainium/core/application_base.py:879: UserWarning: Found torch.float32 weights in checkpoint: blocks.24.attn1.to_out.0.bias. Will convert to torch.bfloat16
  warnings.warn(
/home/ubuntu/Difflet/difflet/backends/trainium/core/application_base.py:879: UserWarning: Found torch.float32 weights in checkpoint: blocks.24.attn1.to_out.0.weight. Will convert to torch.bfloat16
  warnings.warn(
/home/ubuntu/Difflet/difflet/backends/trainium/core/application_base.py:879: UserWarning: Found torch.float32 weights in checkpoint: blocks.24.attn1.to_q.bias. Will convert to torch.bfloat16
  warnings.warn(
/home/ubuntu/Difflet/difflet/backends/trainium/core/application_base.py:879: UserWarning: Found torch.float32 weights in checkpoint: blocks.24.attn1.to_q.weight. Will convert to torch.bfloat16
  warnings.warn(
/home/ubuntu/Difflet/difflet/backends/trainium/core/application_base.py:879: UserWarning: Found torch.float32 weights in checkpoint: blocks.24.attn1.to_v.bias. Will convert to torch.bfloat16
  warnings.warn(
/home/ubuntu/Difflet/difflet/backends/trainium/core/application_base.py:879: UserWarning: Found torch.float32 weights in checkpoint: blocks.24.attn1.to_v.weight. Will convert to torch.bfloat16
  warnings.warn(
/home/ubuntu/Difflet/difflet/backends/trainium/core/application_base.py:879: UserWarning: Found torch.float32 weights in checkpoint: blocks.24.attn2.norm_k.weight. Will convert to torch.bfloat16
  warnings.warn(
/home/ubuntu/Difflet/difflet/backends/trainium/core/application_base.py:879: UserWarning: Found torch.float32 weights in checkpoint: blocks.24.attn2.norm_q.weight. Will convert to torch.bfloat16
  warnings.warn(
/home/ubuntu/Difflet/difflet/backends/trainium/core/application_base.py:879: UserWarning: Found torch.float32 weights in checkpoint: blocks.24.attn2.to_k.bias. Will convert to torch.bfloat16
  warnings.warn(
/home/ubuntu/Difflet/difflet/backends/trainium/core/application_base.py:879: UserWarning: Found torch.float32 weights in checkpoint: blocks.24.attn2.to_k.weight. Will convert to torch.bfloat16
  warnings.warn(
/home/ubuntu/Difflet/difflet/backends/trainium/core/application_base.py:879: UserWarning: Found torch.float32 weights in checkpoint: blocks.24.attn2.to_out.0.bias. Will convert to torch.bfloat16
  warnings.warn(
/home/ubuntu/Difflet/difflet/backends/trainium/core/application_base.py:879: UserWarning: Found torch.float32 weights in checkpoint: blocks.24.attn2.to_out.0.weight. Will convert to torch.bfloat16
  warnings.warn(
/home/ubuntu/Difflet/difflet/backends/trainium/core/application_base.py:879: UserWarning: Found torch.float32 weights in checkpoint: blocks.24.attn2.to_q.bias. Will convert to torch.bfloat16
  warnings.warn(
/home/ubuntu/Difflet/difflet/backends/trainium/core/application_base.py:879: UserWarning: Found torch.float32 weights in checkpoint: blocks.24.attn2.to_q.weight. Will convert to torch.bfloat16
  warnings.warn(
/home/ubuntu/Difflet/difflet/backends/trainium/core/application_base.py:879: UserWarning: Found torch.float32 weights in checkpoint: blocks.24.attn2.to_v.bias. Will convert to torch.bfloat16
  warnings.warn(
/home/ubuntu/Difflet/difflet/backends/trainium/core/application_base.py:879: UserWarning: Found torch.float32 weights in checkpoint: blocks.24.attn2.to_v.weight. Will convert to torch.bfloat16
  warnings.warn(
/home/ubuntu/Difflet/difflet/backends/trainium/core/application_base.py:879: UserWarning: Found torch.float32 weights in checkpoint: blocks.24.ffn.net_in.bias. Will convert to torch.bfloat16
  warnings.warn(
/home/ubuntu/Difflet/difflet/backends/trainium/core/application_base.py:879: UserWarning: Found torch.float32 weights in checkpoint: blocks.24.ffn.net_in.weight. Will convert to torch.bfloat16
  warnings.warn(
/home/ubuntu/Difflet/difflet/backends/trainium/core/application_base.py:879: UserWarning: Found torch.float32 weights in checkpoint: blocks.24.ffn.net_out.bias. Will convert to torch.bfloat16
  warnings.warn(
/home/ubuntu/Difflet/difflet/backends/trainium/core/application_base.py:879: UserWarning: Found torch.float32 weights in checkpoint: blocks.24.ffn.net_out.weight. Will convert to torch.bfloat16
  warnings.warn(
/home/ubuntu/Difflet/difflet/backends/trainium/core/application_base.py:879: UserWarning: Found torch.float32 weights in checkpoint: blocks.24.norm2.bias. Will convert to torch.bfloat16
  warnings.warn(
/home/ubuntu/Difflet/difflet/backends/trainium/core/application_base.py:879: UserWarning: Found torch.float32 weights in checkpoint: blocks.24.norm2.weight. Will convert to torch.bfloat16
  warnings.warn(
/home/ubuntu/Difflet/difflet/backends/trainium/core/application_base.py:879: UserWarning: Found torch.float32 weights in checkpoint: blocks.24.scale_shift_table. Will convert to torch.bfloat16
  warnings.warn(
/home/ubuntu/Difflet/difflet/backends/trainium/core/application_base.py:879: UserWarning: Found torch.float32 weights in checkpoint: blocks.25.attn1.norm_k.weight. Will convert to torch.bfloat16
  warnings.warn(
/home/ubuntu/Difflet/difflet/backends/trainium/core/application_base.py:879: UserWarning: Found torch.float32 weights in checkpoint: blocks.25.attn1.norm_q.weight. Will convert to torch.bfloat16
  warnings.warn(
/home/ubuntu/Difflet/difflet/backends/trainium/core/application_base.py:879: UserWarning: Found torch.float32 weights in checkpoint: blocks.25.attn1.to_k.bias. Will convert to torch.bfloat16
  warnings.warn(
/home/ubuntu/Difflet/difflet/backends/trainium/core/application_base.py:879: UserWarning: Found torch.float32 weights in checkpoint: blocks.25.attn1.to_k.weight. Will convert to torch.bfloat16
  warnings.warn(
/home/ubuntu/Difflet/difflet/backends/trainium/core/application_base.py:879: UserWarning: Found torch.float32 weights in checkpoint: blocks.25.attn1.to_out.0.bias. Will convert to torch.bfloat16
  warnings.warn(
/home/ubuntu/Difflet/difflet/backends/trainium/core/application_base.py:879: UserWarning: Found torch.float32 weights in checkpoint: blocks.25.attn1.to_out.0.weight. Will convert to torch.bfloat16
  warnings.warn(
/home/ubuntu/Difflet/difflet/backends/trainium/core/application_base.py:879: UserWarning: Found torch.float32 weights in checkpoint: blocks.25.attn1.to_q.bias. Will convert to torch.bfloat16
  warnings.warn(
/home/ubuntu/Difflet/difflet/backends/trainium/core/application_base.py:879: UserWarning: Found torch.float32 weights in checkpoint: blocks.25.attn1.to_q.weight. Will convert to torch.bfloat16
  warnings.warn(
/home/ubuntu/Difflet/difflet/backends/trainium/core/application_base.py:879: UserWarning: Found torch.float32 weights in checkpoint: blocks.25.attn1.to_v.bias. Will convert to torch.bfloat16
  warnings.warn(
/home/ubuntu/Difflet/difflet/backends/trainium/core/application_base.py:879: UserWarning: Found torch.float32 weights in checkpoint: blocks.25.attn1.to_v.weight. Will convert to torch.bfloat16
  warnings.warn(
/home/ubuntu/Difflet/difflet/backends/trainium/core/application_base.py:879: UserWarning: Found torch.float32 weights in checkpoint: blocks.25.attn2.norm_k.weight. Will convert to torch.bfloat16
  warnings.warn(
/home/ubuntu/Difflet/difflet/backends/trainium/core/application_base.py:879: UserWarning: Found torch.float32 weights in checkpoint: blocks.25.attn2.norm_q.weight. Will convert to torch.bfloat16
  warnings.warn(
/home/ubuntu/Difflet/difflet/backends/trainium/core/application_base.py:879: UserWarning: Found torch.float32 weights in checkpoint: blocks.25.attn2.to_k.bias. Will convert to torch.bfloat16
  warnings.warn(
/home/ubuntu/Difflet/difflet/backends/trainium/core/application_base.py:879: UserWarning: Found torch.float32 weights in checkpoint: blocks.25.attn2.to_k.weight. Will convert to torch.bfloat16
  warnings.warn(
/home/ubuntu/Difflet/difflet/backends/trainium/core/application_base.py:879: UserWarning: Found torch.float32 weights in checkpoint: blocks.25.attn2.to_out.0.bias. Will convert to torch.bfloat16
  warnings.warn(
/home/ubuntu/Difflet/difflet/backends/trainium/core/application_base.py:879: UserWarning: Found torch.float32 weights in checkpoint: blocks.25.attn2.to_out.0.weight. Will convert to torch.bfloat16
  warnings.warn(
/home/ubuntu/Difflet/difflet/backends/trainium/core/application_base.py:879: UserWarning: Found torch.float32 weights in checkpoint: blocks.25.attn2.to_q.bias. Will convert to torch.bfloat16
  warnings.warn(
/home/ubuntu/Difflet/difflet/backends/trainium/core/application_base.py:879: UserWarning: Found torch.float32 weights in checkpoint: blocks.25.attn2.to_q.weight. Will convert to torch.bfloat16
  warnings.warn(
/home/ubuntu/Difflet/difflet/backends/trainium/core/application_base.py:879: UserWarning: Found torch.float32 weights in checkpoint: blocks.25.attn2.to_v.bias. Will convert to torch.bfloat16
  warnings.warn(
/home/ubuntu/Difflet/difflet/backends/trainium/core/application_base.py:879: UserWarning: Found torch.float32 weights in checkpoint: blocks.25.attn2.to_v.weight. Will convert to torch.bfloat16
  warnings.warn(
/home/ubuntu/Difflet/difflet/backends/trainium/core/application_base.py:879: UserWarning: Found torch.float32 weights in checkpoint: blocks.25.ffn.net_in.bias. Will convert to torch.bfloat16
  warnings.warn(
/home/ubuntu/Difflet/difflet/backends/trainium/core/application_base.py:879: UserWarning: Found torch.float32 weights in checkpoint: blocks.25.ffn.net_in.weight. Will convert to torch.bfloat16
  warnings.warn(
/home/ubuntu/Difflet/difflet/backends/trainium/core/application_base.py:879: UserWarning: Found torch.float32 weights in checkpoint: blocks.25.ffn.net_out.bias. Will convert to torch.bfloat16
  warnings.warn(
/home/ubuntu/Difflet/difflet/backends/trainium/core/application_base.py:879: UserWarning: Found torch.float32 weights in checkpoint: blocks.25.ffn.net_out.weight. Will convert to torch.bfloat16
  warnings.warn(
/home/ubuntu/Difflet/difflet/backends/trainium/core/application_base.py:879: UserWarning: Found torch.float32 weights in checkpoint: blocks.25.norm2.bias. Will convert to torch.bfloat16
  warnings.warn(
/home/ubuntu/Difflet/difflet/backends/trainium/core/application_base.py:879: UserWarning: Found torch.float32 weights in checkpoint: blocks.25.norm2.weight. Will convert to torch.bfloat16
  warnings.warn(
/home/ubuntu/Difflet/difflet/backends/trainium/core/application_base.py:879: UserWarning: Found torch.float32 weights in checkpoint: blocks.25.scale_shift_table. Will convert to torch.bfloat16
  warnings.warn(
/home/ubuntu/Difflet/difflet/backends/trainium/core/application_base.py:879: UserWarning: Found torch.float32 weights in checkpoint: blocks.26.attn1.norm_k.weight. Will convert to torch.bfloat16
  warnings.warn(
/home/ubuntu/Difflet/difflet/backends/trainium/core/application_base.py:879: UserWarning: Found torch.float32 weights in checkpoint: blocks.26.attn1.norm_q.weight. Will convert to torch.bfloat16
  warnings.warn(
/home/ubuntu/Difflet/difflet/backends/trainium/core/application_base.py:879: UserWarning: Found torch.float32 weights in checkpoint: blocks.26.attn1.to_k.bias. Will convert to torch.bfloat16
  warnings.warn(
/home/ubuntu/Difflet/difflet/backends/trainium/core/application_base.py:879: UserWarning: Found torch.float32 weights in checkpoint: blocks.26.attn1.to_k.weight. Will convert to torch.bfloat16
  warnings.warn(
/home/ubuntu/Difflet/difflet/backends/trainium/core/application_base.py:879: UserWarning: Found torch.float32 weights in checkpoint: blocks.26.attn1.to_out.0.bias. Will convert to torch.bfloat16
  warnings.warn(
/home/ubuntu/Difflet/difflet/backends/trainium/core/application_base.py:879: UserWarning: Found torch.float32 weights in checkpoint: blocks.26.attn1.to_out.0.weight. Will convert to torch.bfloat16
  warnings.warn(
/home/ubuntu/Difflet/difflet/backends/trainium/core/application_base.py:879: UserWarning: Found torch.float32 weights in checkpoint: blocks.26.attn1.to_q.bias. Will convert to torch.bfloat16
  warnings.warn(
/home/ubuntu/Difflet/difflet/backends/trainium/core/application_base.py:879: UserWarning: Found torch.float32 weights in checkpoint: blocks.26.attn1.to_q.weight. Will convert to torch.bfloat16
  warnings.warn(
/home/ubuntu/Difflet/difflet/backends/trainium/core/application_base.py:879: UserWarning: Found torch.float32 weights in checkpoint: blocks.26.attn1.to_v.bias. Will convert to torch.bfloat16
  warnings.warn(
/home/ubuntu/Difflet/difflet/backends/trainium/core/application_base.py:879: UserWarning: Found torch.float32 weights in checkpoint: blocks.26.attn1.to_v.weight. Will convert to torch.bfloat16
  warnings.warn(
/home/ubuntu/Difflet/difflet/backends/trainium/core/application_base.py:879: UserWarning: Found torch.float32 weights in checkpoint: blocks.26.attn2.norm_k.weight. Will convert to torch.bfloat16
  warnings.warn(
/home/ubuntu/Difflet/difflet/backends/trainium/core/application_base.py:879: UserWarning: Found torch.float32 weights in checkpoint: blocks.26.attn2.norm_q.weight. Will convert to torch.bfloat16
  warnings.warn(
/home/ubuntu/Difflet/difflet/backends/trainium/core/application_base.py:879: UserWarning: Found torch.float32 weights in checkpoint: blocks.26.attn2.to_k.bias. Will convert to torch.bfloat16
  warnings.warn(
/home/ubuntu/Difflet/difflet/backends/trainium/core/application_base.py:879: UserWarning: Found torch.float32 weights in checkpoint: blocks.26.attn2.to_k.weight. Will convert to torch.bfloat16
  warnings.warn(
/home/ubuntu/Difflet/difflet/backends/trainium/core/application_base.py:879: UserWarning: Found torch.float32 weights in checkpoint: blocks.26.attn2.to_out.0.bias. Will convert to torch.bfloat16
  warnings.warn(
/home/ubuntu/Difflet/difflet/backends/trainium/core/application_base.py:879: UserWarning: Found torch.float32 weights in checkpoint: blocks.26.attn2.to_out.0.weight. Will convert to torch.bfloat16
  warnings.warn(
/home/ubuntu/Difflet/difflet/backends/trainium/core/application_base.py:879: UserWarning: Found torch.float32 weights in checkpoint: blocks.26.attn2.to_q.bias. Will convert to torch.bfloat16
  warnings.warn(
/home/ubuntu/Difflet/difflet/backends/trainium/core/application_base.py:879: UserWarning: Found torch.float32 weights in checkpoint: blocks.26.attn2.to_q.weight. Will convert to torch.bfloat16
  warnings.warn(
/home/ubuntu/Difflet/difflet/backends/trainium/core/application_base.py:879: UserWarning: Found torch.float32 weights in checkpoint: blocks.26.attn2.to_v.bias. Will convert to torch.bfloat16
  warnings.warn(
/home/ubuntu/Difflet/difflet/backends/trainium/core/application_base.py:879: UserWarning: Found torch.float32 weights in checkpoint: blocks.26.attn2.to_v.weight. Will convert to torch.bfloat16
  warnings.warn(
/home/ubuntu/Difflet/difflet/backends/trainium/core/application_base.py:879: UserWarning: Found torch.float32 weights in checkpoint: blocks.26.ffn.net_in.bias. Will convert to torch.bfloat16
  warnings.warn(
/home/ubuntu/Difflet/difflet/backends/trainium/core/application_base.py:879: UserWarning: Found torch.float32 weights in checkpoint: blocks.26.ffn.net_in.weight. Will convert to torch.bfloat16
  warnings.warn(
/home/ubuntu/Difflet/difflet/backends/trainium/core/application_base.py:879: UserWarning: Found torch.float32 weights in checkpoint: blocks.26.ffn.net_out.bias. Will convert to torch.bfloat16
  warnings.warn(
/home/ubuntu/Difflet/difflet/backends/trainium/core/application_base.py:879: UserWarning: Found torch.float32 weights in checkpoint: blocks.26.ffn.net_out.weight. Will convert to torch.bfloat16
  warnings.warn(
/home/ubuntu/Difflet/difflet/backends/trainium/core/application_base.py:879: UserWarning: Found torch.float32 weights in checkpoint: blocks.26.norm2.bias. Will convert to torch.bfloat16
  warnings.warn(
/home/ubuntu/Difflet/difflet/backends/trainium/core/application_base.py:879: UserWarning: Found torch.float32 weights in checkpoint: blocks.26.norm2.weight. Will convert to torch.bfloat16
  warnings.warn(
/home/ubuntu/Difflet/difflet/backends/trainium/core/application_base.py:879: UserWarning: Found torch.float32 weights in checkpoint: blocks.26.scale_shift_table. Will convert to torch.bfloat16
  warnings.warn(
/home/ubuntu/Difflet/difflet/backends/trainium/core/application_base.py:879: UserWarning: Found torch.float32 weights in checkpoint: blocks.27.attn1.norm_k.weight. Will convert to torch.bfloat16
  warnings.warn(
/home/ubuntu/Difflet/difflet/backends/trainium/core/application_base.py:879: UserWarning: Found torch.float32 weights in checkpoint: blocks.27.attn1.norm_q.weight. Will convert to torch.bfloat16
  warnings.warn(
/home/ubuntu/Difflet/difflet/backends/trainium/core/application_base.py:879: UserWarning: Found torch.float32 weights in checkpoint: blocks.27.attn1.to_k.bias. Will convert to torch.bfloat16
  warnings.warn(
/home/ubuntu/Difflet/difflet/backends/trainium/core/application_base.py:879: UserWarning: Found torch.float32 weights in checkpoint: blocks.27.attn1.to_k.weight. Will convert to torch.bfloat16
  warnings.warn(
/home/ubuntu/Difflet/difflet/backends/trainium/core/application_base.py:879: UserWarning: Found torch.float32 weights in checkpoint: blocks.27.attn1.to_out.0.bias. Will convert to torch.bfloat16
  warnings.warn(
/home/ubuntu/Difflet/difflet/backends/trainium/core/application_base.py:879: UserWarning: Found torch.float32 weights in checkpoint: blocks.27.attn1.to_out.0.weight. Will convert to torch.bfloat16
  warnings.warn(
/home/ubuntu/Difflet/difflet/backends/trainium/core/application_base.py:879: UserWarning: Found torch.float32 weights in checkpoint: blocks.27.attn1.to_q.bias. Will convert to torch.bfloat16
  warnings.warn(
/home/ubuntu/Difflet/difflet/backends/trainium/core/application_base.py:879: UserWarning: Found torch.float32 weights in checkpoint: blocks.27.attn1.to_q.weight. Will convert to torch.bfloat16
  warnings.warn(
/home/ubuntu/Difflet/difflet/backends/trainium/core/application_base.py:879: UserWarning: Found torch.float32 weights in checkpoint: blocks.27.attn1.to_v.bias. Will convert to torch.bfloat16
  warnings.warn(
/home/ubuntu/Difflet/difflet/backends/trainium/core/application_base.py:879: UserWarning: Found torch.float32 weights in checkpoint: blocks.27.attn1.to_v.weight. Will convert to torch.bfloat16
  warnings.warn(
/home/ubuntu/Difflet/difflet/backends/trainium/core/application_base.py:879: UserWarning: Found torch.float32 weights in checkpoint: blocks.27.attn2.norm_k.weight. Will convert to torch.bfloat16
  warnings.warn(
/home/ubuntu/Difflet/difflet/backends/trainium/core/application_base.py:879: UserWarning: Found torch.float32 weights in checkpoint: blocks.27.attn2.norm_q.weight. Will convert to torch.bfloat16
  warnings.warn(
/home/ubuntu/Difflet/difflet/backends/trainium/core/application_base.py:879: UserWarning: Found torch.float32 weights in checkpoint: blocks.27.scale_shift_table. Will convert to torch.bfloat16
  warnings.warn(
/home/ubuntu/Difflet/difflet/backends/trainium/core/application_base.py:879: UserWarning: Found torch.float32 weights in checkpoint: blocks.16.ffn.net_out.bias. Will convert to torch.bfloat16
  warnings.warn(
/home/ubuntu/Difflet/difflet/backends/trainium/core/application_base.py:879: UserWarning: Found torch.float32 weights in checkpoint: blocks.16.ffn.net_out.weight. Will convert to torch.bfloat16
  warnings.warn(
/home/ubuntu/Difflet/difflet/backends/trainium/core/application_base.py:879: UserWarning: Found torch.float32 weights in checkpoint: blocks.17.attn1.norm_k.weight. Will convert to torch.bfloat16
  warnings.warn(
/home/ubuntu/Difflet/difflet/backends/trainium/core/application_base.py:879: UserWarning: Found torch.float32 weights in checkpoint: blocks.17.attn1.norm_q.weight. Will convert to torch.bfloat16
  warnings.warn(
/home/ubuntu/Difflet/difflet/backends/trainium/core/application_base.py:879: UserWarning: Found torch.float32 weights in checkpoint: blocks.17.attn1.to_k.bias. Will convert to torch.bfloat16
  warnings.warn(
/home/ubuntu/Difflet/difflet/backends/trainium/core/application_base.py:879: UserWarning: Found torch.float32 weights in checkpoint: blocks.17.attn1.to_k.weight. Will convert to torch.bfloat16
  warnings.warn(
/home/ubuntu/Difflet/difflet/backends/trainium/core/application_base.py:879: UserWarning: Found torch.float32 weights in checkpoint: blocks.17.attn1.to_out.0.bias. Will convert to torch.bfloat16
  warnings.warn(
/home/ubuntu/Difflet/difflet/backends/trainium/core/application_base.py:879: UserWarning: Found torch.float32 weights in checkpoint: blocks.17.attn1.to_out.0.weight. Will convert to torch.bfloat16
  warnings.warn(
/home/ubuntu/Difflet/difflet/backends/trainium/core/application_base.py:879: UserWarning: Found torch.float32 weights in checkpoint: blocks.17.attn1.to_q.bias. Will convert to torch.bfloat16
  warnings.warn(
/home/ubuntu/Difflet/difflet/backends/trainium/core/application_base.py:879: UserWarning: Found torch.float32 weights in checkpoint: blocks.17.attn1.to_q.weight. Will convert to torch.bfloat16
  warnings.warn(
/home/ubuntu/Difflet/difflet/backends/trainium/core/application_base.py:879: UserWarning: Found torch.float32 weights in checkpoint: blocks.17.attn1.to_v.bias. Will convert to torch.bfloat16
  warnings.warn(
/home/ubuntu/Difflet/difflet/backends/trainium/core/application_base.py:879: UserWarning: Found torch.float32 weights in checkpoint: blocks.17.attn1.to_v.weight. Will convert to torch.bfloat16
  warnings.warn(
/home/ubuntu/Difflet/difflet/backends/trainium/core/application_base.py:879: UserWarning: Found torch.float32 weights in checkpoint: blocks.17.attn2.norm_k.weight. Will convert to torch.bfloat16
  warnings.warn(
/home/ubuntu/Difflet/difflet/backends/trainium/core/application_base.py:879: UserWarning: Found torch.float32 weights in checkpoint: blocks.17.attn2.norm_q.weight. Will convert to torch.bfloat16
  warnings.warn(
/home/ubuntu/Difflet/difflet/backends/trainium/core/application_base.py:879: UserWarning: Found torch.float32 weights in checkpoint: blocks.17.attn2.to_k.bias. Will convert to torch.bfloat16
  warnings.warn(
/home/ubuntu/Difflet/difflet/backends/trainium/core/application_base.py:879: UserWarning: Found torch.float32 weights in checkpoint: blocks.17.attn2.to_k.weight. Will convert to torch.bfloat16
  warnings.warn(
/home/ubuntu/Difflet/difflet/backends/trainium/core/application_base.py:879: UserWarning: Found torch.float32 weights in checkpoint: blocks.17.attn2.to_out.0.bias. Will convert to torch.bfloat16
  warnings.warn(
/home/ubuntu/Difflet/difflet/backends/trainium/core/application_base.py:879: UserWarning: Found torch.float32 weights in checkpoint: blocks.17.attn2.to_out.0.weight. Will convert to torch.bfloat16
  warnings.warn(
/home/ubuntu/Difflet/difflet/backends/trainium/core/application_base.py:879: UserWarning: Found torch.float32 weights in checkpoint: blocks.17.attn2.to_q.bias. Will convert to torch.bfloat16
  warnings.warn(
/home/ubuntu/Difflet/difflet/backends/trainium/core/application_base.py:879: UserWarning: Found torch.float32 weights in checkpoint: blocks.17.attn2.to_q.weight. Will convert to torch.bfloat16
  warnings.warn(
/home/ubuntu/Difflet/difflet/backends/trainium/core/application_base.py:879: UserWarning: Found torch.float32 weights in checkpoint: blocks.17.attn2.to_v.bias. Will convert to torch.bfloat16
  warnings.warn(
/home/ubuntu/Difflet/difflet/backends/trainium/core/application_base.py:879: UserWarning: Found torch.float32 weights in checkpoint: blocks.17.attn2.to_v.weight. Will convert to torch.bfloat16
  warnings.warn(
/home/ubuntu/Difflet/difflet/backends/trainium/core/application_base.py:879: UserWarning: Found torch.float32 weights in checkpoint: blocks.17.ffn.net_in.bias. Will convert to torch.bfloat16
  warnings.warn(
/home/ubuntu/Difflet/difflet/backends/trainium/core/application_base.py:879: UserWarning: Found torch.float32 weights in checkpoint: blocks.17.ffn.net_in.weight. Will convert to torch.bfloat16
  warnings.warn(
/home/ubuntu/Difflet/difflet/backends/trainium/core/application_base.py:879: UserWarning: Found torch.float32 weights in checkpoint: blocks.17.ffn.net_out.bias. Will convert to torch.bfloat16
  warnings.warn(
/home/ubuntu/Difflet/difflet/backends/trainium/core/application_base.py:879: UserWarning: Found torch.float32 weights in checkpoint: blocks.17.ffn.net_out.weight. Will convert to torch.bfloat16
  warnings.warn(
/home/ubuntu/Difflet/difflet/backends/trainium/core/application_base.py:879: UserWarning: Found torch.float32 weights in checkpoint: blocks.17.norm2.bias. Will convert to torch.bfloat16
  warnings.warn(
/home/ubuntu/Difflet/difflet/backends/trainium/core/application_base.py:879: UserWarning: Found torch.float32 weights in checkpoint: blocks.17.norm2.weight. Will convert to torch.bfloat16
  warnings.warn(
/home/ubuntu/Difflet/difflet/backends/trainium/core/application_base.py:879: UserWarning: Found torch.float32 weights in checkpoint: blocks.17.scale_shift_table. Will convert to torch.bfloat16
  warnings.warn(
/home/ubuntu/Difflet/difflet/backends/trainium/core/application_base.py:879: UserWarning: Found torch.float32 weights in checkpoint: blocks.18.attn1.norm_k.weight. Will convert to torch.bfloat16
  warnings.warn(
/home/ubuntu/Difflet/difflet/backends/trainium/core/application_base.py:879: UserWarning: Found torch.float32 weights in checkpoint: blocks.18.attn1.norm_q.weight. Will convert to torch.bfloat16
  warnings.warn(
/home/ubuntu/Difflet/difflet/backends/trainium/core/application_base.py:879: UserWarning: Found torch.float32 weights in checkpoint: blocks.18.attn1.to_k.bias. Will convert to torch.bfloat16
  warnings.warn(
/home/ubuntu/Difflet/difflet/backends/trainium/core/application_base.py:879: UserWarning: Found torch.float32 weights in checkpoint: blocks.18.attn1.to_k.weight. Will convert to torch.bfloat16
  warnings.warn(
/home/ubuntu/Difflet/difflet/backends/trainium/core/application_base.py:879: UserWarning: Found torch.float32 weights in checkpoint: blocks.18.attn1.to_out.0.bias. Will convert to torch.bfloat16
  warnings.warn(
/home/ubuntu/Difflet/difflet/backends/trainium/core/application_base.py:879: UserWarning: Found torch.float32 weights in checkpoint: blocks.18.attn1.to_out.0.weight. Will convert to torch.bfloat16
  warnings.warn(
/home/ubuntu/Difflet/difflet/backends/trainium/core/application_base.py:879: UserWarning: Found torch.float32 weights in checkpoint: blocks.18.attn1.to_q.bias. Will convert to torch.bfloat16
  warnings.warn(
/home/ubuntu/Difflet/difflet/backends/trainium/core/application_base.py:879: UserWarning: Found torch.float32 weights in checkpoint: blocks.18.attn1.to_q.weight. Will convert to torch.bfloat16
  warnings.warn(
/home/ubuntu/Difflet/difflet/backends/trainium/core/application_base.py:879: UserWarning: Found torch.float32 weights in checkpoint: blocks.18.attn1.to_v.bias. Will convert to torch.bfloat16
  warnings.warn(
/home/ubuntu/Difflet/difflet/backends/trainium/core/application_base.py:879: UserWarning: Found torch.float32 weights in checkpoint: blocks.18.attn1.to_v.weight. Will convert to torch.bfloat16
  warnings.warn(
/home/ubuntu/Difflet/difflet/backends/trainium/core/application_base.py:879: UserWarning: Found torch.float32 weights in checkpoint: blocks.18.attn2.norm_k.weight. Will convert to torch.bfloat16
  warnings.warn(
/home/ubuntu/Difflet/difflet/backends/trainium/core/application_base.py:879: UserWarning: Found torch.float32 weights in checkpoint: blocks.18.attn2.norm_q.weight. Will convert to torch.bfloat16
  warnings.warn(
/home/ubuntu/Difflet/difflet/backends/trainium/core/application_base.py:879: UserWarning: Found torch.float32 weights in checkpoint: blocks.18.attn2.to_k.bias. Will convert to torch.bfloat16
  warnings.warn(
/home/ubuntu/Difflet/difflet/backends/trainium/core/application_base.py:879: UserWarning: Found torch.float32 weights in checkpoint: blocks.18.attn2.to_k.weight. Will convert to torch.bfloat16
  warnings.warn(
/home/ubuntu/Difflet/difflet/backends/trainium/core/application_base.py:879: UserWarning: Found torch.float32 weights in checkpoint: blocks.18.attn2.to_out.0.bias. Will convert to torch.bfloat16
  warnings.warn(
/home/ubuntu/Difflet/difflet/backends/trainium/core/application_base.py:879: UserWarning: Found torch.float32 weights in checkpoint: blocks.18.attn2.to_out.0.weight. Will convert to torch.bfloat16
  warnings.warn(
/home/ubuntu/Difflet/difflet/backends/trainium/core/application_base.py:879: UserWarning: Found torch.float32 weights in checkpoint: blocks.18.attn2.to_q.bias. Will convert to torch.bfloat16
  warnings.warn(
/home/ubuntu/Difflet/difflet/backends/trainium/core/application_base.py:879: UserWarning: Found torch.float32 weights in checkpoint: blocks.18.attn2.to_q.weight. Will convert to torch.bfloat16
  warnings.warn(
/home/ubuntu/Difflet/difflet/backends/trainium/core/application_base.py:879: UserWarning: Found torch.float32 weights in checkpoint: blocks.18.attn2.to_v.bias. Will convert to torch.bfloat16
  warnings.warn(
/home/ubuntu/Difflet/difflet/backends/trainium/core/application_base.py:879: UserWarning: Found torch.float32 weights in checkpoint: blocks.18.attn2.to_v.weight. Will convert to torch.bfloat16
  warnings.warn(
/home/ubuntu/Difflet/difflet/backends/trainium/core/application_base.py:879: UserWarning: Found torch.float32 weights in checkpoint: blocks.18.ffn.net_in.bias. Will convert to torch.bfloat16
  warnings.warn(
/home/ubuntu/Difflet/difflet/backends/trainium/core/application_base.py:879: UserWarning: Found torch.float32 weights in checkpoint: blocks.18.ffn.net_in.weight. Will convert to torch.bfloat16
  warnings.warn(
/home/ubuntu/Difflet/difflet/backends/trainium/core/application_base.py:879: UserWarning: Found torch.float32 weights in checkpoint: blocks.18.ffn.net_out.bias. Will convert to torch.bfloat16
  warnings.warn(
/home/ubuntu/Difflet/difflet/backends/trainium/core/application_base.py:879: UserWarning: Found torch.float32 weights in checkpoint: blocks.18.ffn.net_out.weight. Will convert to torch.bfloat16
  warnings.warn(
/home/ubuntu/Difflet/difflet/backends/trainium/core/application_base.py:879: UserWarning: Found torch.float32 weights in checkpoint: blocks.18.norm2.bias. Will convert to torch.bfloat16
  warnings.warn(
/home/ubuntu/Difflet/difflet/backends/trainium/core/application_base.py:879: UserWarning: Found torch.float32 weights in checkpoint: blocks.18.norm2.weight. Will convert to torch.bfloat16
  warnings.warn(
/home/ubuntu/Difflet/difflet/backends/trainium/core/application_base.py:879: UserWarning: Found torch.float32 weights in checkpoint: blocks.18.scale_shift_table. Will convert to torch.bfloat16
  warnings.warn(
/home/ubuntu/Difflet/difflet/backends/trainium/core/application_base.py:879: UserWarning: Found torch.float32 weights in checkpoint: blocks.19.attn1.norm_k.weight. Will convert to torch.bfloat16
  warnings.warn(
/home/ubuntu/Difflet/difflet/backends/trainium/core/application_base.py:879: UserWarning: Found torch.float32 weights in checkpoint: blocks.19.attn1.norm_q.weight. Will convert to torch.bfloat16
  warnings.warn(
/home/ubuntu/Difflet/difflet/backends/trainium/core/application_base.py:879: UserWarning: Found torch.float32 weights in checkpoint: blocks.19.attn1.to_k.bias. Will convert to torch.bfloat16
  warnings.warn(
/home/ubuntu/Difflet/difflet/backends/trainium/core/application_base.py:879: UserWarning: Found torch.float32 weights in checkpoint: blocks.19.attn1.to_k.weight. Will convert to torch.bfloat16
  warnings.warn(
/home/ubuntu/Difflet/difflet/backends/trainium/core/application_base.py:879: UserWarning: Found torch.float32 weights in checkpoint: blocks.19.attn1.to_out.0.bias. Will convert to torch.bfloat16
  warnings.warn(
/home/ubuntu/Difflet/difflet/backends/trainium/core/application_base.py:879: UserWarning: Found torch.float32 weights in checkpoint: blocks.19.attn1.to_out.0.weight. Will convert to torch.bfloat16
  warnings.warn(
/home/ubuntu/Difflet/difflet/backends/trainium/core/application_base.py:879: UserWarning: Found torch.float32 weights in checkpoint: blocks.19.attn1.to_q.bias. Will convert to torch.bfloat16
  warnings.warn(
/home/ubuntu/Difflet/difflet/backends/trainium/core/application_base.py:879: UserWarning: Found torch.float32 weights in checkpoint: blocks.19.attn1.to_q.weight. Will convert to torch.bfloat16
  warnings.warn(
/home/ubuntu/Difflet/difflet/backends/trainium/core/application_base.py:879: UserWarning: Found torch.float32 weights in checkpoint: blocks.19.attn1.to_v.bias. Will convert to torch.bfloat16
  warnings.warn(
/home/ubuntu/Difflet/difflet/backends/trainium/core/application_base.py:879: UserWarning: Found torch.float32 weights in checkpoint: blocks.19.attn1.to_v.weight. Will convert to torch.bfloat16
  warnings.warn(
/home/ubuntu/Difflet/difflet/backends/trainium/core/application_base.py:879: UserWarning: Found torch.float32 weights in checkpoint: blocks.19.attn2.norm_k.weight. Will convert to torch.bfloat16
  warnings.warn(
/home/ubuntu/Difflet/difflet/backends/trainium/core/application_base.py:879: UserWarning: Found torch.float32 weights in checkpoint: blocks.19.attn2.norm_q.weight. Will convert to torch.bfloat16
  warnings.warn(
/home/ubuntu/Difflet/difflet/backends/trainium/core/application_base.py:879: UserWarning: Found torch.float32 weights in checkpoint: blocks.19.attn2.to_k.bias. Will convert to torch.bfloat16
  warnings.warn(
/home/ubuntu/Difflet/difflet/backends/trainium/core/application_base.py:879: UserWarning: Found torch.float32 weights in checkpoint: blocks.19.attn2.to_k.weight. Will convert to torch.bfloat16
  warnings.warn(
/home/ubuntu/Difflet/difflet/backends/trainium/core/application_base.py:879: UserWarning: Found torch.float32 weights in checkpoint: blocks.19.attn2.to_out.0.bias. Will convert to torch.bfloat16
  warnings.warn(
/home/ubuntu/Difflet/difflet/backends/trainium/core/application_base.py:879: UserWarning: Found torch.float32 weights in checkpoint: blocks.19.attn2.to_out.0.weight. Will convert to torch.bfloat16
  warnings.warn(
/home/ubuntu/Difflet/difflet/backends/trainium/core/application_base.py:879: UserWarning: Found torch.float32 weights in checkpoint: blocks.19.attn2.to_q.bias. Will convert to torch.bfloat16
  warnings.warn(
/home/ubuntu/Difflet/difflet/backends/trainium/core/application_base.py:879: UserWarning: Found torch.float32 weights in checkpoint: blocks.19.attn2.to_q.weight. Will convert to torch.bfloat16
  warnings.warn(
/home/ubuntu/Difflet/difflet/backends/trainium/core/application_base.py:879: UserWarning: Found torch.float32 weights in checkpoint: blocks.19.attn2.to_v.bias. Will convert to torch.bfloat16
  warnings.warn(
/home/ubuntu/Difflet/difflet/backends/trainium/core/application_base.py:879: UserWarning: Found torch.float32 weights in checkpoint: blocks.19.attn2.to_v.weight. Will convert to torch.bfloat16
  warnings.warn(
/home/ubuntu/Difflet/difflet/backends/trainium/core/application_base.py:879: UserWarning: Found torch.float32 weights in checkpoint: blocks.19.ffn.net_in.bias. Will convert to torch.bfloat16
  warnings.warn(
/home/ubuntu/Difflet/difflet/backends/trainium/core/application_base.py:879: UserWarning: Found torch.float32 weights in checkpoint: blocks.19.ffn.net_in.weight. Will convert to torch.bfloat16
  warnings.warn(
/home/ubuntu/Difflet/difflet/backends/trainium/core/application_base.py:879: UserWarning: Found torch.float32 weights in checkpoint: blocks.19.ffn.net_out.bias. Will convert to torch.bfloat16
  warnings.warn(
/home/ubuntu/Difflet/difflet/backends/trainium/core/application_base.py:879: UserWarning: Found torch.float32 weights in checkpoint: blocks.19.ffn.net_out.weight. Will convert to torch.bfloat16
  warnings.warn(
/home/ubuntu/Difflet/difflet/backends/trainium/core/application_base.py:879: UserWarning: Found torch.float32 weights in checkpoint: blocks.19.norm2.bias. Will convert to torch.bfloat16
  warnings.warn(
/home/ubuntu/Difflet/difflet/backends/trainium/core/application_base.py:879: UserWarning: Found torch.float32 weights in checkpoint: blocks.19.norm2.weight. Will convert to torch.bfloat16
  warnings.warn(
/home/ubuntu/Difflet/difflet/backends/trainium/core/application_base.py:879: UserWarning: Found torch.float32 weights in checkpoint: blocks.19.scale_shift_table. Will convert to torch.bfloat16
  warnings.warn(
/home/ubuntu/Difflet/difflet/backends/trainium/core/application_base.py:879: UserWarning: Found torch.float32 weights in checkpoint: blocks.20.attn1.norm_k.weight. Will convert to torch.bfloat16
  warnings.warn(
/home/ubuntu/Difflet/difflet/backends/trainium/core/application_base.py:879: UserWarning: Found torch.float32 weights in checkpoint: blocks.20.attn1.norm_q.weight. Will convert to torch.bfloat16
  warnings.warn(
/home/ubuntu/Difflet/difflet/backends/trainium/core/application_base.py:879: UserWarning: Found torch.float32 weights in checkpoint: blocks.20.attn1.to_k.bias. Will convert to torch.bfloat16
  warnings.warn(
/home/ubuntu/Difflet/difflet/backends/trainium/core/application_base.py:879: UserWarning: Found torch.float32 weights in checkpoint: blocks.20.attn1.to_k.weight. Will convert to torch.bfloat16
  warnings.warn(
/home/ubuntu/Difflet/difflet/backends/trainium/core/application_base.py:879: UserWarning: Found torch.float32 weights in checkpoint: blocks.20.attn1.to_out.0.bias. Will convert to torch.bfloat16
  warnings.warn(
/home/ubuntu/Difflet/difflet/backends/trainium/core/application_base.py:879: UserWarning: Found torch.float32 weights in checkpoint: blocks.20.attn1.to_out.0.weight. Will convert to torch.bfloat16
  warnings.warn(
/home/ubuntu/Difflet/difflet/backends/trainium/core/application_base.py:879: UserWarning: Found torch.float32 weights in checkpoint: blocks.20.attn1.to_q.bias. Will convert to torch.bfloat16
  warnings.warn(
/home/ubuntu/Difflet/difflet/backends/trainium/core/application_base.py:879: UserWarning: Found torch.float32 weights in checkpoint: blocks.20.attn1.to_q.weight. Will convert to torch.bfloat16
  warnings.warn(
/home/ubuntu/Difflet/difflet/backends/trainium/core/application_base.py:879: UserWarning: Found torch.float32 weights in checkpoint: blocks.20.attn1.to_v.bias. Will convert to torch.bfloat16
  warnings.warn(
/home/ubuntu/Difflet/difflet/backends/trainium/core/application_base.py:879: UserWarning: Found torch.float32 weights in checkpoint: blocks.20.attn1.to_v.weight. Will convert to torch.bfloat16
  warnings.warn(
/home/ubuntu/Difflet/difflet/backends/trainium/core/application_base.py:879: UserWarning: Found torch.float32 weights in checkpoint: blocks.20.attn2.norm_k.weight. Will convert to torch.bfloat16
  warnings.warn(
/home/ubuntu/Difflet/difflet/backends/trainium/core/application_base.py:879: UserWarning: Found torch.float32 weights in checkpoint: blocks.20.attn2.norm_q.weight. Will convert to torch.bfloat16
  warnings.warn(
/home/ubuntu/Difflet/difflet/backends/trainium/core/application_base.py:879: UserWarning: Found torch.float32 weights in checkpoint: blocks.20.scale_shift_table. Will convert to torch.bfloat16
  warnings.warn(
/home/ubuntu/Difflet/difflet/backends/trainium/core/application_base.py:879: UserWarning: Found torch.float32 weights in checkpoint: blocks.13.attn2.to_k.bias. Will convert to torch.bfloat16
  warnings.warn(
/home/ubuntu/Difflet/difflet/backends/trainium/core/application_base.py:879: UserWarning: Found torch.float32 weights in checkpoint: blocks.13.attn2.to_k.weight. Will convert to torch.bfloat16
  warnings.warn(
/home/ubuntu/Difflet/difflet/backends/trainium/core/application_base.py:879: UserWarning: Found torch.float32 weights in checkpoint: blocks.13.attn2.to_out.0.bias. Will convert to torch.bfloat16
  warnings.warn(
/home/ubuntu/Difflet/difflet/backends/trainium/core/application_base.py:879: UserWarning: Found torch.float32 weights in checkpoint: blocks.13.attn2.to_out.0.weight. Will convert to torch.bfloat16
  warnings.warn(
/home/ubuntu/Difflet/difflet/backends/trainium/core/application_base.py:879: UserWarning: Found torch.float32 weights in checkpoint: blocks.13.attn2.to_q.bias. Will convert to torch.bfloat16
  warnings.warn(
/home/ubuntu/Difflet/difflet/backends/trainium/core/application_base.py:879: UserWarning: Found torch.float32 weights in checkpoint: blocks.13.attn2.to_q.weight. Will convert to torch.bfloat16
  warnings.warn(
/home/ubuntu/Difflet/difflet/backends/trainium/core/application_base.py:879: UserWarning: Found torch.float32 weights in checkpoint: blocks.13.attn2.to_v.bias. Will convert to torch.bfloat16
  warnings.warn(
/home/ubuntu/Difflet/difflet/backends/trainium/core/application_base.py:879: UserWarning: Found torch.float32 weights in checkpoint: blocks.13.attn2.to_v.weight. Will convert to torch.bfloat16
  warnings.warn(
/home/ubuntu/Difflet/difflet/backends/trainium/core/application_base.py:879: UserWarning: Found torch.float32 weights in checkpoint: blocks.13.ffn.net_in.bias. Will convert to torch.bfloat16
  warnings.warn(
/home/ubuntu/Difflet/difflet/backends/trainium/core/application_base.py:879: UserWarning: Found torch.float32 weights in checkpoint: blocks.13.ffn.net_in.weight. Will convert to torch.bfloat16
  warnings.warn(
/home/ubuntu/Difflet/difflet/backends/trainium/core/application_base.py:879: UserWarning: Found torch.float32 weights in checkpoint: blocks.13.ffn.net_out.bias. Will convert to torch.bfloat16
  warnings.warn(
/home/ubuntu/Difflet/difflet/backends/trainium/core/application_base.py:879: UserWarning: Found torch.float32 weights in checkpoint: blocks.13.ffn.net_out.weight. Will convert to torch.bfloat16
  warnings.warn(
/home/ubuntu/Difflet/difflet/backends/trainium/core/application_base.py:879: UserWarning: Found torch.float32 weights in checkpoint: blocks.13.norm2.bias. Will convert to torch.bfloat16
  warnings.warn(
/home/ubuntu/Difflet/difflet/backends/trainium/core/application_base.py:879: UserWarning: Found torch.float32 weights in checkpoint: blocks.13.norm2.weight. Will convert to torch.bfloat16
  warnings.warn(
/home/ubuntu/Difflet/difflet/backends/trainium/core/application_base.py:879: UserWarning: Found torch.float32 weights in checkpoint: blocks.14.attn1.norm_k.weight. Will convert to torch.bfloat16
  warnings.warn(
/home/ubuntu/Difflet/difflet/backends/trainium/core/application_base.py:879: UserWarning: Found torch.float32 weights in checkpoint: blocks.14.attn1.norm_q.weight. Will convert to torch.bfloat16
  warnings.warn(
/home/ubuntu/Difflet/difflet/backends/trainium/core/application_base.py:879: UserWarning: Found torch.float32 weights in checkpoint: blocks.14.attn1.to_k.bias. Will convert to torch.bfloat16
  warnings.warn(
/home/ubuntu/Difflet/difflet/backends/trainium/core/application_base.py:879: UserWarning: Found torch.float32 weights in checkpoint: blocks.14.attn1.to_k.weight. Will convert to torch.bfloat16
  warnings.warn(
/home/ubuntu/Difflet/difflet/backends/trainium/core/application_base.py:879: UserWarning: Found torch.float32 weights in checkpoint: blocks.14.attn1.to_out.0.bias. Will convert to torch.bfloat16
  warnings.warn(
/home/ubuntu/Difflet/difflet/backends/trainium/core/application_base.py:879: UserWarning: Found torch.float32 weights in checkpoint: blocks.14.attn1.to_out.0.weight. Will convert to torch.bfloat16
  warnings.warn(
/home/ubuntu/Difflet/difflet/backends/trainium/core/application_base.py:879: UserWarning: Found torch.float32 weights in checkpoint: blocks.14.attn1.to_q.bias. Will convert to torch.bfloat16
  warnings.warn(
/home/ubuntu/Difflet/difflet/backends/trainium/core/application_base.py:879: UserWarning: Found torch.float32 weights in checkpoint: blocks.14.attn1.to_q.weight. Will convert to torch.bfloat16
  warnings.warn(
/home/ubuntu/Difflet/difflet/backends/trainium/core/application_base.py:879: UserWarning: Found torch.float32 weights in checkpoint: blocks.14.attn1.to_v.bias. Will convert to torch.bfloat16
  warnings.warn(
/home/ubuntu/Difflet/difflet/backends/trainium/core/application_base.py:879: UserWarning: Found torch.float32 weights in checkpoint: blocks.14.attn1.to_v.weight. Will convert to torch.bfloat16
  warnings.warn(
/home/ubuntu/Difflet/difflet/backends/trainium/core/application_base.py:879: UserWarning: Found torch.float32 weights in checkpoint: blocks.14.attn2.norm_k.weight. Will convert to torch.bfloat16
  warnings.warn(
/home/ubuntu/Difflet/difflet/backends/trainium/core/application_base.py:879: UserWarning: Found torch.float32 weights in checkpoint: blocks.14.attn2.norm_q.weight. Will convert to torch.bfloat16
  warnings.warn(
/home/ubuntu/Difflet/difflet/backends/trainium/core/application_base.py:879: UserWarning: Found torch.float32 weights in checkpoint: blocks.14.attn2.to_k.bias. Will convert to torch.bfloat16
  warnings.warn(
/home/ubuntu/Difflet/difflet/backends/trainium/core/application_base.py:879: UserWarning: Found torch.float32 weights in checkpoint: blocks.14.attn2.to_k.weight. Will convert to torch.bfloat16
  warnings.warn(
/home/ubuntu/Difflet/difflet/backends/trainium/core/application_base.py:879: UserWarning: Found torch.float32 weights in checkpoint: blocks.14.attn2.to_out.0.bias. Will convert to torch.bfloat16
  warnings.warn(
/home/ubuntu/Difflet/difflet/backends/trainium/core/application_base.py:879: UserWarning: Found torch.float32 weights in checkpoint: blocks.14.attn2.to_out.0.weight. Will convert to torch.bfloat16
  warnings.warn(
/home/ubuntu/Difflet/difflet/backends/trainium/core/application_base.py:879: UserWarning: Found torch.float32 weights in checkpoint: blocks.14.attn2.to_q.bias. Will convert to torch.bfloat16
  warnings.warn(
/home/ubuntu/Difflet/difflet/backends/trainium/core/application_base.py:879: UserWarning: Found torch.float32 weights in checkpoint: blocks.14.attn2.to_q.weight. Will convert to torch.bfloat16
  warnings.warn(
/home/ubuntu/Difflet/difflet/backends/trainium/core/application_base.py:879: UserWarning: Found torch.float32 weights in checkpoint: blocks.14.attn2.to_v.bias. Will convert to torch.bfloat16
  warnings.warn(
/home/ubuntu/Difflet/difflet/backends/trainium/core/application_base.py:879: UserWarning: Found torch.float32 weights in checkpoint: blocks.14.attn2.to_v.weight. Will convert to torch.bfloat16
  warnings.warn(
/home/ubuntu/Difflet/difflet/backends/trainium/core/application_base.py:879: UserWarning: Found torch.float32 weights in checkpoint: blocks.14.ffn.net_in.bias. Will convert to torch.bfloat16
  warnings.warn(
/home/ubuntu/Difflet/difflet/backends/trainium/core/application_base.py:879: UserWarning: Found torch.float32 weights in checkpoint: blocks.14.ffn.net_in.weight. Will convert to torch.bfloat16
  warnings.warn(
/home/ubuntu/Difflet/difflet/backends/trainium/core/application_base.py:879: UserWarning: Found torch.float32 weights in checkpoint: blocks.14.ffn.net_out.bias. Will convert to torch.bfloat16
  warnings.warn(
/home/ubuntu/Difflet/difflet/backends/trainium/core/application_base.py:879: UserWarning: Found torch.float32 weights in checkpoint: blocks.14.ffn.net_out.weight. Will convert to torch.bfloat16
  warnings.warn(
/home/ubuntu/Difflet/difflet/backends/trainium/core/application_base.py:879: UserWarning: Found torch.float32 weights in checkpoint: blocks.14.norm2.bias. Will convert to torch.bfloat16
  warnings.warn(
/home/ubuntu/Difflet/difflet/backends/trainium/core/application_base.py:879: UserWarning: Found torch.float32 weights in checkpoint: blocks.14.norm2.weight. Will convert to torch.bfloat16
  warnings.warn(
/home/ubuntu/Difflet/difflet/backends/trainium/core/application_base.py:879: UserWarning: Found torch.float32 weights in checkpoint: blocks.14.scale_shift_table. Will convert to torch.bfloat16
  warnings.warn(
/home/ubuntu/Difflet/difflet/backends/trainium/core/application_base.py:879: UserWarning: Found torch.float32 weights in checkpoint: blocks.15.attn1.norm_k.weight. Will convert to torch.bfloat16
  warnings.warn(
/home/ubuntu/Difflet/difflet/backends/trainium/core/application_base.py:879: UserWarning: Found torch.float32 weights in checkpoint: blocks.15.attn1.norm_q.weight. Will convert to torch.bfloat16
  warnings.warn(
/home/ubuntu/Difflet/difflet/backends/trainium/core/application_base.py:879: UserWarning: Found torch.float32 weights in checkpoint: blocks.15.attn1.to_k.bias. Will convert to torch.bfloat16
  warnings.warn(
/home/ubuntu/Difflet/difflet/backends/trainium/core/application_base.py:879: UserWarning: Found torch.float32 weights in checkpoint: blocks.15.attn1.to_k.weight. Will convert to torch.bfloat16
  warnings.warn(
/home/ubuntu/Difflet/difflet/backends/trainium/core/application_base.py:879: UserWarning: Found torch.float32 weights in checkpoint: blocks.15.attn1.to_out.0.bias. Will convert to torch.bfloat16
  warnings.warn(
/home/ubuntu/Difflet/difflet/backends/trainium/core/application_base.py:879: UserWarning: Found torch.float32 weights in checkpoint: blocks.15.attn1.to_out.0.weight. Will convert to torch.bfloat16
  warnings.warn(
/home/ubuntu/Difflet/difflet/backends/trainium/core/application_base.py:879: UserWarning: Found torch.float32 weights in checkpoint: blocks.15.attn1.to_q.bias. Will convert to torch.bfloat16
  warnings.warn(
/home/ubuntu/Difflet/difflet/backends/trainium/core/application_base.py:879: UserWarning: Found torch.float32 weights in checkpoint: blocks.15.attn1.to_q.weight. Will convert to torch.bfloat16
  warnings.warn(
/home/ubuntu/Difflet/difflet/backends/trainium/core/application_base.py:879: UserWarning: Found torch.float32 weights in checkpoint: blocks.15.attn1.to_v.bias. Will convert to torch.bfloat16
  warnings.warn(
/home/ubuntu/Difflet/difflet/backends/trainium/core/application_base.py:879: UserWarning: Found torch.float32 weights in checkpoint: blocks.15.attn1.to_v.weight. Will convert to torch.bfloat16
  warnings.warn(
/home/ubuntu/Difflet/difflet/backends/trainium/core/application_base.py:879: UserWarning: Found torch.float32 weights in checkpoint: blocks.15.attn2.norm_k.weight. Will convert to torch.bfloat16
  warnings.warn(
/home/ubuntu/Difflet/difflet/backends/trainium/core/application_base.py:879: UserWarning: Found torch.float32 weights in checkpoint: blocks.15.attn2.norm_q.weight. Will convert to torch.bfloat16
  warnings.warn(
/home/ubuntu/Difflet/difflet/backends/trainium/core/application_base.py:879: UserWarning: Found torch.float32 weights in checkpoint: blocks.15.attn2.to_k.bias. Will convert to torch.bfloat16
  warnings.warn(
/home/ubuntu/Difflet/difflet/backends/trainium/core/application_base.py:879: UserWarning: Found torch.float32 weights in checkpoint: blocks.15.attn2.to_k.weight. Will convert to torch.bfloat16
  warnings.warn(
/home/ubuntu/Difflet/difflet/backends/trainium/core/application_base.py:879: UserWarning: Found torch.float32 weights in checkpoint: blocks.15.attn2.to_out.0.bias. Will convert to torch.bfloat16
  warnings.warn(
/home/ubuntu/Difflet/difflet/backends/trainium/core/application_base.py:879: UserWarning: Found torch.float32 weights in checkpoint: blocks.15.attn2.to_out.0.weight. Will convert to torch.bfloat16
  warnings.warn(
/home/ubuntu/Difflet/difflet/backends/trainium/core/application_base.py:879: UserWarning: Found torch.float32 weights in checkpoint: blocks.15.attn2.to_q.bias. Will convert to torch.bfloat16
  warnings.warn(
/home/ubuntu/Difflet/difflet/backends/trainium/core/application_base.py:879: UserWarning: Found torch.float32 weights in checkpoint: blocks.15.attn2.to_q.weight. Will convert to torch.bfloat16
  warnings.warn(
/home/ubuntu/Difflet/difflet/backends/trainium/core/application_base.py:879: UserWarning: Found torch.float32 weights in checkpoint: blocks.15.attn2.to_v.bias. Will convert to torch.bfloat16
  warnings.warn(
/home/ubuntu/Difflet/difflet/backends/trainium/core/application_base.py:879: UserWarning: Found torch.float32 weights in checkpoint: blocks.15.attn2.to_v.weight. Will convert to torch.bfloat16
  warnings.warn(
/home/ubuntu/Difflet/difflet/backends/trainium/core/application_base.py:879: UserWarning: Found torch.float32 weights in checkpoint: blocks.15.ffn.net_in.bias. Will convert to torch.bfloat16
  warnings.warn(
/home/ubuntu/Difflet/difflet/backends/trainium/core/application_base.py:879: UserWarning: Found torch.float32 weights in checkpoint: blocks.15.ffn.net_in.weight. Will convert to torch.bfloat16
  warnings.warn(
/home/ubuntu/Difflet/difflet/backends/trainium/core/application_base.py:879: UserWarning: Found torch.float32 weights in checkpoint: blocks.15.ffn.net_out.bias. Will convert to torch.bfloat16
  warnings.warn(
/home/ubuntu/Difflet/difflet/backends/trainium/core/application_base.py:879: UserWarning: Found torch.float32 weights in checkpoint: blocks.15.ffn.net_out.weight. Will convert to torch.bfloat16
  warnings.warn(
/home/ubuntu/Difflet/difflet/backends/trainium/core/application_base.py:879: UserWarning: Found torch.float32 weights in checkpoint: blocks.15.norm2.bias. Will convert to torch.bfloat16
  warnings.warn(
/home/ubuntu/Difflet/difflet/backends/trainium/core/application_base.py:879: UserWarning: Found torch.float32 weights in checkpoint: blocks.15.norm2.weight. Will convert to torch.bfloat16
  warnings.warn(
/home/ubuntu/Difflet/difflet/backends/trainium/core/application_base.py:879: UserWarning: Found torch.float32 weights in checkpoint: blocks.15.scale_shift_table. Will convert to torch.bfloat16
  warnings.warn(
/home/ubuntu/Difflet/difflet/backends/trainium/core/application_base.py:879: UserWarning: Found torch.float32 weights in checkpoint: blocks.16.attn1.norm_k.weight. Will convert to torch.bfloat16
  warnings.warn(
/home/ubuntu/Difflet/difflet/backends/trainium/core/application_base.py:879: UserWarning: Found torch.float32 weights in checkpoint: blocks.16.attn1.norm_q.weight. Will convert to torch.bfloat16
  warnings.warn(
/home/ubuntu/Difflet/difflet/backends/trainium/core/application_base.py:879: UserWarning: Found torch.float32 weights in checkpoint: blocks.16.attn1.to_k.bias. Will convert to torch.bfloat16
  warnings.warn(
/home/ubuntu/Difflet/difflet/backends/trainium/core/application_base.py:879: UserWarning: Found torch.float32 weights in checkpoint: blocks.16.attn1.to_k.weight. Will convert to torch.bfloat16
  warnings.warn(
/home/ubuntu/Difflet/difflet/backends/trainium/core/application_base.py:879: UserWarning: Found torch.float32 weights in checkpoint: blocks.16.attn1.to_out.0.bias. Will convert to torch.bfloat16
  warnings.warn(
/home/ubuntu/Difflet/difflet/backends/trainium/core/application_base.py:879: UserWarning: Found torch.float32 weights in checkpoint: blocks.16.attn1.to_out.0.weight. Will convert to torch.bfloat16
  warnings.warn(
/home/ubuntu/Difflet/difflet/backends/trainium/core/application_base.py:879: UserWarning: Found torch.float32 weights in checkpoint: blocks.16.attn1.to_q.bias. Will convert to torch.bfloat16
  warnings.warn(
/home/ubuntu/Difflet/difflet/backends/trainium/core/application_base.py:879: UserWarning: Found torch.float32 weights in checkpoint: blocks.16.attn1.to_q.weight. Will convert to torch.bfloat16
  warnings.warn(
/home/ubuntu/Difflet/difflet/backends/trainium/core/application_base.py:879: UserWarning: Found torch.float32 weights in checkpoint: blocks.16.attn1.to_v.bias. Will convert to torch.bfloat16
  warnings.warn(
/home/ubuntu/Difflet/difflet/backends/trainium/core/application_base.py:879: UserWarning: Found torch.float32 weights in checkpoint: blocks.16.attn1.to_v.weight. Will convert to torch.bfloat16
  warnings.warn(
/home/ubuntu/Difflet/difflet/backends/trainium/core/application_base.py:879: UserWarning: Found torch.float32 weights in checkpoint: blocks.16.attn2.norm_k.weight. Will convert to torch.bfloat16
  warnings.warn(
/home/ubuntu/Difflet/difflet/backends/trainium/core/application_base.py:879: UserWarning: Found torch.float32 weights in checkpoint: blocks.16.attn2.norm_q.weight. Will convert to torch.bfloat16
  warnings.warn(
/home/ubuntu/Difflet/difflet/backends/trainium/core/application_base.py:879: UserWarning: Found torch.float32 weights in checkpoint: blocks.16.attn2.to_k.bias. Will convert to torch.bfloat16
  warnings.warn(
/home/ubuntu/Difflet/difflet/backends/trainium/core/application_base.py:879: UserWarning: Found torch.float32 weights in checkpoint: blocks.16.attn2.to_k.weight. Will convert to torch.bfloat16
  warnings.warn(
/home/ubuntu/Difflet/difflet/backends/trainium/core/application_base.py:879: UserWarning: Found torch.float32 weights in checkpoint: blocks.16.attn2.to_out.0.bias. Will convert to torch.bfloat16
  warnings.warn(
/home/ubuntu/Difflet/difflet/backends/trainium/core/application_base.py:879: UserWarning: Found torch.float32 weights in checkpoint: blocks.16.attn2.to_out.0.weight. Will convert to torch.bfloat16
  warnings.warn(
/home/ubuntu/Difflet/difflet/backends/trainium/core/application_base.py:879: UserWarning: Found torch.float32 weights in checkpoint: blocks.16.attn2.to_q.bias. Will convert to torch.bfloat16
  warnings.warn(
/home/ubuntu/Difflet/difflet/backends/trainium/core/application_base.py:879: UserWarning: Found torch.float32 weights in checkpoint: blocks.16.attn2.to_q.weight. Will convert to torch.bfloat16
  warnings.warn(
/home/ubuntu/Difflet/difflet/backends/trainium/core/application_base.py:879: UserWarning: Found torch.float32 weights in checkpoint: blocks.16.attn2.to_v.bias. Will convert to torch.bfloat16
  warnings.warn(
/home/ubuntu/Difflet/difflet/backends/trainium/core/application_base.py:879: UserWarning: Found torch.float32 weights in checkpoint: blocks.16.attn2.to_v.weight. Will convert to torch.bfloat16
  warnings.warn(
/home/ubuntu/Difflet/difflet/backends/trainium/core/application_base.py:879: UserWarning: Found torch.float32 weights in checkpoint: blocks.16.ffn.net_in.bias. Will convert to torch.bfloat16
  warnings.warn(
/home/ubuntu/Difflet/difflet/backends/trainium/core/application_base.py:879: UserWarning: Found torch.float32 weights in checkpoint: blocks.16.ffn.net_in.weight. Will convert to torch.bfloat16
  warnings.warn(
/home/ubuntu/Difflet/difflet/backends/trainium/core/application_base.py:879: UserWarning: Found torch.float32 weights in checkpoint: blocks.16.norm2.bias. Will convert to torch.bfloat16
  warnings.warn(
/home/ubuntu/Difflet/difflet/backends/trainium/core/application_base.py:879: UserWarning: Found torch.float32 weights in checkpoint: blocks.16.norm2.weight. Will convert to torch.bfloat16
  warnings.warn(
/home/ubuntu/Difflet/difflet/backends/trainium/core/application_base.py:879: UserWarning: Found torch.float32 weights in checkpoint: blocks.16.scale_shift_table. Will convert to torch.bfloat16
  warnings.warn(
/home/ubuntu/Difflet/difflet/backends/trainium/core/application_base.py:879: UserWarning: Found torch.float32 weights in checkpoint: blocks.6.attn2.to_k.bias. Will convert to torch.bfloat16
  warnings.warn(
/home/ubuntu/Difflet/difflet/backends/trainium/core/application_base.py:879: UserWarning: Found torch.float32 weights in checkpoint: blocks.6.attn2.to_k.weight. Will convert to torch.bfloat16
  warnings.warn(
/home/ubuntu/Difflet/difflet/backends/trainium/core/application_base.py:879: UserWarning: Found torch.float32 weights in checkpoint: blocks.6.attn2.to_out.0.bias. Will convert to torch.bfloat16
  warnings.warn(
/home/ubuntu/Difflet/difflet/backends/trainium/core/application_base.py:879: UserWarning: Found torch.float32 weights in checkpoint: blocks.6.attn2.to_out.0.weight. Will convert to torch.bfloat16
  warnings.warn(
/home/ubuntu/Difflet/difflet/backends/trainium/core/application_base.py:879: UserWarning: Found torch.float32 weights in checkpoint: blocks.6.attn2.to_q.bias. Will convert to torch.bfloat16
  warnings.warn(
/home/ubuntu/Difflet/difflet/backends/trainium/core/application_base.py:879: UserWarning: Found torch.float32 weights in checkpoint: blocks.6.attn2.to_q.weight. Will convert to torch.bfloat16
  warnings.warn(
/home/ubuntu/Difflet/difflet/backends/trainium/core/application_base.py:879: UserWarning: Found torch.float32 weights in checkpoint: blocks.6.attn2.to_v.bias. Will convert to torch.bfloat16
  warnings.warn(
/home/ubuntu/Difflet/difflet/backends/trainium/core/application_base.py:879: UserWarning: Found torch.float32 weights in checkpoint: blocks.6.attn2.to_v.weight. Will convert to torch.bfloat16
  warnings.warn(
/home/ubuntu/Difflet/difflet/backends/trainium/core/application_base.py:879: UserWarning: Found torch.float32 weights in checkpoint: blocks.6.ffn.net_in.bias. Will convert to torch.bfloat16
  warnings.warn(
/home/ubuntu/Difflet/difflet/backends/trainium/core/application_base.py:879: UserWarning: Found torch.float32 weights in checkpoint: blocks.6.ffn.net_in.weight. Will convert to torch.bfloat16
  warnings.warn(
/home/ubuntu/Difflet/difflet/backends/trainium/core/application_base.py:879: UserWarning: Found torch.float32 weights in checkpoint: blocks.6.ffn.net_out.bias. Will convert to torch.bfloat16
  warnings.warn(
/home/ubuntu/Difflet/difflet/backends/trainium/core/application_base.py:879: UserWarning: Found torch.float32 weights in checkpoint: blocks.6.ffn.net_out.weight. Will convert to torch.bfloat16
  warnings.warn(
/home/ubuntu/Difflet/difflet/backends/trainium/core/application_base.py:879: UserWarning: Found torch.float32 weights in checkpoint: blocks.6.norm2.bias. Will convert to torch.bfloat16
  warnings.warn(
/home/ubuntu/Difflet/difflet/backends/trainium/core/application_base.py:879: UserWarning: Found torch.float32 weights in checkpoint: blocks.6.norm2.weight. Will convert to torch.bfloat16
  warnings.warn(
/home/ubuntu/Difflet/difflet/backends/trainium/core/application_base.py:879: UserWarning: Found torch.float32 weights in checkpoint: blocks.7.attn1.norm_k.weight. Will convert to torch.bfloat16
  warnings.warn(
/home/ubuntu/Difflet/difflet/backends/trainium/core/application_base.py:879: UserWarning: Found torch.float32 weights in checkpoint: blocks.7.attn1.norm_q.weight. Will convert to torch.bfloat16
  warnings.warn(
/home/ubuntu/Difflet/difflet/backends/trainium/core/application_base.py:879: UserWarning: Found torch.float32 weights in checkpoint: blocks.7.attn1.to_k.bias. Will convert to torch.bfloat16
  warnings.warn(
/home/ubuntu/Difflet/difflet/backends/trainium/core/application_base.py:879: UserWarning: Found torch.float32 weights in checkpoint: blocks.7.attn1.to_k.weight. Will convert to torch.bfloat16
  warnings.warn(
/home/ubuntu/Difflet/difflet/backends/trainium/core/application_base.py:879: UserWarning: Found torch.float32 weights in checkpoint: blocks.7.attn1.to_out.0.bias. Will convert to torch.bfloat16
  warnings.warn(
/home/ubuntu/Difflet/difflet/backends/trainium/core/application_base.py:879: UserWarning: Found torch.float32 weights in checkpoint: blocks.7.attn1.to_out.0.weight. Will convert to torch.bfloat16
  warnings.warn(
/home/ubuntu/Difflet/difflet/backends/trainium/core/application_base.py:879: UserWarning: Found torch.float32 weights in checkpoint: blocks.7.attn1.to_q.bias. Will convert to torch.bfloat16
  warnings.warn(
/home/ubuntu/Difflet/difflet/backends/trainium/core/application_base.py:879: UserWarning: Found torch.float32 weights in checkpoint: blocks.7.attn1.to_q.weight. Will convert to torch.bfloat16
  warnings.warn(
/home/ubuntu/Difflet/difflet/backends/trainium/core/application_base.py:879: UserWarning: Found torch.float32 weights in checkpoint: blocks.7.attn1.to_v.bias. Will convert to torch.bfloat16
  warnings.warn(
/home/ubuntu/Difflet/difflet/backends/trainium/core/application_base.py:879: UserWarning: Found torch.float32 weights in checkpoint: blocks.7.attn1.to_v.weight. Will convert to torch.bfloat16
  warnings.warn(
/home/ubuntu/Difflet/difflet/backends/trainium/core/application_base.py:879: UserWarning: Found torch.float32 weights in checkpoint: blocks.7.attn2.norm_k.weight. Will convert to torch.bfloat16
  warnings.warn(
/home/ubuntu/Difflet/difflet/backends/trainium/core/application_base.py:879: UserWarning: Found torch.float32 weights in checkpoint: blocks.7.attn2.norm_q.weight. Will convert to torch.bfloat16
  warnings.warn(
/home/ubuntu/Difflet/difflet/backends/trainium/core/application_base.py:879: UserWarning: Found torch.float32 weights in checkpoint: blocks.7.attn2.to_k.bias. Will convert to torch.bfloat16
  warnings.warn(
/home/ubuntu/Difflet/difflet/backends/trainium/core/application_base.py:879: UserWarning: Found torch.float32 weights in checkpoint: blocks.7.attn2.to_k.weight. Will convert to torch.bfloat16
  warnings.warn(
/home/ubuntu/Difflet/difflet/backends/trainium/core/application_base.py:879: UserWarning: Found torch.float32 weights in checkpoint: blocks.7.attn2.to_out.0.bias. Will convert to torch.bfloat16
  warnings.warn(
/home/ubuntu/Difflet/difflet/backends/trainium/core/application_base.py:879: UserWarning: Found torch.float32 weights in checkpoint: blocks.7.attn2.to_out.0.weight. Will convert to torch.bfloat16
  warnings.warn(
/home/ubuntu/Difflet/difflet/backends/trainium/core/application_base.py:879: UserWarning: Found torch.float32 weights in checkpoint: blocks.7.attn2.to_q.bias. Will convert to torch.bfloat16
  warnings.warn(
/home/ubuntu/Difflet/difflet/backends/trainium/core/application_base.py:879: UserWarning: Found torch.float32 weights in checkpoint: blocks.7.attn2.to_q.weight. Will convert to torch.bfloat16
  warnings.warn(
/home/ubuntu/Difflet/difflet/backends/trainium/core/application_base.py:879: UserWarning: Found torch.float32 weights in checkpoint: blocks.7.attn2.to_v.bias. Will convert to torch.bfloat16
  warnings.warn(
/home/ubuntu/Difflet/difflet/backends/trainium/core/application_base.py:879: UserWarning: Found torch.float32 weights in checkpoint: blocks.7.attn2.to_v.weight. Will convert to torch.bfloat16
  warnings.warn(
/home/ubuntu/Difflet/difflet/backends/trainium/core/application_base.py:879: UserWarning: Found torch.float32 weights in checkpoint: blocks.7.ffn.net_in.bias. Will convert to torch.bfloat16
  warnings.warn(
/home/ubuntu/Difflet/difflet/backends/trainium/core/application_base.py:879: UserWarning: Found torch.float32 weights in checkpoint: blocks.7.ffn.net_in.weight. Will convert to torch.bfloat16
  warnings.warn(
/home/ubuntu/Difflet/difflet/backends/trainium/core/application_base.py:879: UserWarning: Found torch.float32 weights in checkpoint: blocks.7.ffn.net_out.bias. Will convert to torch.bfloat16
  warnings.warn(
/home/ubuntu/Difflet/difflet/backends/trainium/core/application_base.py:879: UserWarning: Found torch.float32 weights in checkpoint: blocks.7.ffn.net_out.weight. Will convert to torch.bfloat16
  warnings.warn(
/home/ubuntu/Difflet/difflet/backends/trainium/core/application_base.py:879: UserWarning: Found torch.float32 weights in checkpoint: blocks.7.norm2.bias. Will convert to torch.bfloat16
  warnings.warn(
/home/ubuntu/Difflet/difflet/backends/trainium/core/application_base.py:879: UserWarning: Found torch.float32 weights in checkpoint: blocks.7.norm2.weight. Will convert to torch.bfloat16
  warnings.warn(
/home/ubuntu/Difflet/difflet/backends/trainium/core/application_base.py:879: UserWarning: Found torch.float32 weights in checkpoint: blocks.7.scale_shift_table. Will convert to torch.bfloat16
  warnings.warn(
/home/ubuntu/Difflet/difflet/backends/trainium/core/application_base.py:879: UserWarning: Found torch.float32 weights in checkpoint: blocks.8.attn1.norm_k.weight. Will convert to torch.bfloat16
  warnings.warn(
/home/ubuntu/Difflet/difflet/backends/trainium/core/application_base.py:879: UserWarning: Found torch.float32 weights in checkpoint: blocks.8.attn1.norm_q.weight. Will convert to torch.bfloat16
  warnings.warn(
/home/ubuntu/Difflet/difflet/backends/trainium/core/application_base.py:879: UserWarning: Found torch.float32 weights in checkpoint: blocks.8.attn1.to_k.bias. Will convert to torch.bfloat16
  warnings.warn(
/home/ubuntu/Difflet/difflet/backends/trainium/core/application_base.py:879: UserWarning: Found torch.float32 weights in checkpoint: blocks.8.attn1.to_k.weight. Will convert to torch.bfloat16
  warnings.warn(
/home/ubuntu/Difflet/difflet/backends/trainium/core/application_base.py:879: UserWarning: Found torch.float32 weights in checkpoint: blocks.8.attn1.to_out.0.bias. Will convert to torch.bfloat16
  warnings.warn(
/home/ubuntu/Difflet/difflet/backends/trainium/core/application_base.py:879: UserWarning: Found torch.float32 weights in checkpoint: blocks.8.attn1.to_out.0.weight. Will convert to torch.bfloat16
  warnings.warn(
/home/ubuntu/Difflet/difflet/backends/trainium/core/application_base.py:879: UserWarning: Found torch.float32 weights in checkpoint: blocks.8.attn1.to_q.bias. Will convert to torch.bfloat16
  warnings.warn(
/home/ubuntu/Difflet/difflet/backends/trainium/core/application_base.py:879: UserWarning: Found torch.float32 weights in checkpoint: blocks.8.attn1.to_q.weight. Will convert to torch.bfloat16
  warnings.warn(
/home/ubuntu/Difflet/difflet/backends/trainium/core/application_base.py:879: UserWarning: Found torch.float32 weights in checkpoint: blocks.8.attn1.to_v.bias. Will convert to torch.bfloat16
  warnings.warn(
/home/ubuntu/Difflet/difflet/backends/trainium/core/application_base.py:879: UserWarning: Found torch.float32 weights in checkpoint: blocks.8.attn1.to_v.weight. Will convert to torch.bfloat16
  warnings.warn(
/home/ubuntu/Difflet/difflet/backends/trainium/core/application_base.py:879: UserWarning: Found torch.float32 weights in checkpoint: blocks.8.attn2.norm_k.weight. Will convert to torch.bfloat16
  warnings.warn(
/home/ubuntu/Difflet/difflet/backends/trainium/core/application_base.py:879: UserWarning: Found torch.float32 weights in checkpoint: blocks.8.attn2.norm_q.weight. Will convert to torch.bfloat16
  warnings.warn(
/home/ubuntu/Difflet/difflet/backends/trainium/core/application_base.py:879: UserWarning: Found torch.float32 weights in checkpoint: blocks.8.attn2.to_k.bias. Will convert to torch.bfloat16
  warnings.warn(
/home/ubuntu/Difflet/difflet/backends/trainium/core/application_base.py:879: UserWarning: Found torch.float32 weights in checkpoint: blocks.8.attn2.to_k.weight. Will convert to torch.bfloat16
  warnings.warn(
/home/ubuntu/Difflet/difflet/backends/trainium/core/application_base.py:879: UserWarning: Found torch.float32 weights in checkpoint: blocks.8.attn2.to_out.0.bias. Will convert to torch.bfloat16
  warnings.warn(
/home/ubuntu/Difflet/difflet/backends/trainium/core/application_base.py:879: UserWarning: Found torch.float32 weights in checkpoint: blocks.8.attn2.to_out.0.weight. Will convert to torch.bfloat16
  warnings.warn(
/home/ubuntu/Difflet/difflet/backends/trainium/core/application_base.py:879: UserWarning: Found torch.float32 weights in checkpoint: blocks.8.attn2.to_q.bias. Will convert to torch.bfloat16
  warnings.warn(
/home/ubuntu/Difflet/difflet/backends/trainium/core/application_base.py:879: UserWarning: Found torch.float32 weights in checkpoint: blocks.8.attn2.to_q.weight. Will convert to torch.bfloat16
  warnings.warn(
/home/ubuntu/Difflet/difflet/backends/trainium/core/application_base.py:879: UserWarning: Found torch.float32 weights in checkpoint: blocks.8.attn2.to_v.bias. Will convert to torch.bfloat16
  warnings.warn(
/home/ubuntu/Difflet/difflet/backends/trainium/core/application_base.py:879: UserWarning: Found torch.float32 weights in checkpoint: blocks.8.attn2.to_v.weight. Will convert to torch.bfloat16
  warnings.warn(
/home/ubuntu/Difflet/difflet/backends/trainium/core/application_base.py:879: UserWarning: Found torch.float32 weights in checkpoint: blocks.8.ffn.net_in.bias. Will convert to torch.bfloat16
  warnings.warn(
/home/ubuntu/Difflet/difflet/backends/trainium/core/application_base.py:879: UserWarning: Found torch.float32 weights in checkpoint: blocks.8.ffn.net_in.weight. Will convert to torch.bfloat16
  warnings.warn(
/home/ubuntu/Difflet/difflet/backends/trainium/core/application_base.py:879: UserWarning: Found torch.float32 weights in checkpoint: blocks.8.ffn.net_out.bias. Will convert to torch.bfloat16
  warnings.warn(
/home/ubuntu/Difflet/difflet/backends/trainium/core/application_base.py:879: UserWarning: Found torch.float32 weights in checkpoint: blocks.8.ffn.net_out.weight. Will convert to torch.bfloat16
  warnings.warn(
/home/ubuntu/Difflet/difflet/backends/trainium/core/application_base.py:879: UserWarning: Found torch.float32 weights in checkpoint: blocks.8.norm2.bias. Will convert to torch.bfloat16
  warnings.warn(
/home/ubuntu/Difflet/difflet/backends/trainium/core/application_base.py:879: UserWarning: Found torch.float32 weights in checkpoint: blocks.8.norm2.weight. Will convert to torch.bfloat16
  warnings.warn(
/home/ubuntu/Difflet/difflet/backends/trainium/core/application_base.py:879: UserWarning: Found torch.float32 weights in checkpoint: blocks.8.scale_shift_table. Will convert to torch.bfloat16
  warnings.warn(
/home/ubuntu/Difflet/difflet/backends/trainium/core/application_base.py:879: UserWarning: Found torch.float32 weights in checkpoint: blocks.9.attn1.norm_k.weight. Will convert to torch.bfloat16
  warnings.warn(
/home/ubuntu/Difflet/difflet/backends/trainium/core/application_base.py:879: UserWarning: Found torch.float32 weights in checkpoint: blocks.9.attn1.norm_q.weight. Will convert to torch.bfloat16
  warnings.warn(
/home/ubuntu/Difflet/difflet/backends/trainium/core/application_base.py:879: UserWarning: Found torch.float32 weights in checkpoint: blocks.9.attn1.to_k.bias. Will convert to torch.bfloat16
  warnings.warn(
/home/ubuntu/Difflet/difflet/backends/trainium/core/application_base.py:879: UserWarning: Found torch.float32 weights in checkpoint: blocks.9.attn1.to_k.weight. Will convert to torch.bfloat16
  warnings.warn(
/home/ubuntu/Difflet/difflet/backends/trainium/core/application_base.py:879: UserWarning: Found torch.float32 weights in checkpoint: blocks.9.attn1.to_out.0.bias. Will convert to torch.bfloat16
  warnings.warn(
/home/ubuntu/Difflet/difflet/backends/trainium/core/application_base.py:879: UserWarning: Found torch.float32 weights in checkpoint: blocks.9.attn1.to_out.0.weight. Will convert to torch.bfloat16
  warnings.warn(
/home/ubuntu/Difflet/difflet/backends/trainium/core/application_base.py:879: UserWarning: Found torch.float32 weights in checkpoint: blocks.9.attn1.to_q.bias. Will convert to torch.bfloat16
  warnings.warn(
/home/ubuntu/Difflet/difflet/backends/trainium/core/application_base.py:879: UserWarning: Found torch.float32 weights in checkpoint: blocks.9.attn1.to_q.weight. Will convert to torch.bfloat16
  warnings.warn(
/home/ubuntu/Difflet/difflet/backends/trainium/core/application_base.py:879: UserWarning: Found torch.float32 weights in checkpoint: blocks.9.attn1.to_v.bias. Will convert to torch.bfloat16
  warnings.warn(
/home/ubuntu/Difflet/difflet/backends/trainium/core/application_base.py:879: UserWarning: Found torch.float32 weights in checkpoint: blocks.9.attn1.to_v.weight. Will convert to torch.bfloat16
  warnings.warn(
/home/ubuntu/Difflet/difflet/backends/trainium/core/application_base.py:879: UserWarning: Found torch.float32 weights in checkpoint: blocks.9.attn2.norm_k.weight. Will convert to torch.bfloat16
  warnings.warn(
/home/ubuntu/Difflet/difflet/backends/trainium/core/application_base.py:879: UserWarning: Found torch.float32 weights in checkpoint: blocks.9.attn2.norm_q.weight. Will convert to torch.bfloat16
  warnings.warn(
/home/ubuntu/Difflet/difflet/backends/trainium/core/application_base.py:879: UserWarning: Found torch.float32 weights in checkpoint: blocks.9.attn2.to_k.bias. Will convert to torch.bfloat16
  warnings.warn(
/home/ubuntu/Difflet/difflet/backends/trainium/core/application_base.py:879: UserWarning: Found torch.float32 weights in checkpoint: blocks.9.attn2.to_k.weight. Will convert to torch.bfloat16
  warnings.warn(
/home/ubuntu/Difflet/difflet/backends/trainium/core/application_base.py:879: UserWarning: Found torch.float32 weights in checkpoint: blocks.9.attn2.to_out.0.bias. Will convert to torch.bfloat16
  warnings.warn(
/home/ubuntu/Difflet/difflet/backends/trainium/core/application_base.py:879: UserWarning: Found torch.float32 weights in checkpoint: blocks.9.attn2.to_out.0.weight. Will convert to torch.bfloat16
  warnings.warn(
/home/ubuntu/Difflet/difflet/backends/trainium/core/application_base.py:879: UserWarning: Found torch.float32 weights in checkpoint: blocks.9.attn2.to_q.bias. Will convert to torch.bfloat16
  warnings.warn(
/home/ubuntu/Difflet/difflet/backends/trainium/core/application_base.py:879: UserWarning: Found torch.float32 weights in checkpoint: blocks.9.attn2.to_q.weight. Will convert to torch.bfloat16
  warnings.warn(
/home/ubuntu/Difflet/difflet/backends/trainium/core/application_base.py:879: UserWarning: Found torch.float32 weights in checkpoint: blocks.9.attn2.to_v.bias. Will convert to torch.bfloat16
  warnings.warn(
/home/ubuntu/Difflet/difflet/backends/trainium/core/application_base.py:879: UserWarning: Found torch.float32 weights in checkpoint: blocks.9.attn2.to_v.weight. Will convert to torch.bfloat16
  warnings.warn(
/home/ubuntu/Difflet/difflet/backends/trainium/core/application_base.py:879: UserWarning: Found torch.float32 weights in checkpoint: blocks.9.ffn.net_in.bias. Will convert to torch.bfloat16
  warnings.warn(
/home/ubuntu/Difflet/difflet/backends/trainium/core/application_base.py:879: UserWarning: Found torch.float32 weights in checkpoint: blocks.9.ffn.net_in.weight. Will convert to torch.bfloat16
  warnings.warn(
/home/ubuntu/Difflet/difflet/backends/trainium/core/application_base.py:879: UserWarning: Found torch.float32 weights in checkpoint: blocks.9.norm2.bias. Will convert to torch.bfloat16
  warnings.warn(
/home/ubuntu/Difflet/difflet/backends/trainium/core/application_base.py:879: UserWarning: Found torch.float32 weights in checkpoint: blocks.9.norm2.weight. Will convert to torch.bfloat16
  warnings.warn(
/home/ubuntu/Difflet/difflet/backends/trainium/core/application_base.py:879: UserWarning: Found torch.float32 weights in checkpoint: blocks.9.scale_shift_table. Will convert to torch.bfloat16
  warnings.warn(
/home/ubuntu/Difflet/difflet/backends/trainium/core/application_base.py:879: UserWarning: Found torch.float32 weights in checkpoint: blocks.34.attn2.to_k.bias. Will convert to torch.bfloat16
  warnings.warn(
/home/ubuntu/Difflet/difflet/backends/trainium/core/application_base.py:879: UserWarning: Found torch.float32 weights in checkpoint: blocks.34.attn2.to_k.weight. Will convert to torch.bfloat16
  warnings.warn(
/home/ubuntu/Difflet/difflet/backends/trainium/core/application_base.py:879: UserWarning: Found torch.float32 weights in checkpoint: blocks.34.attn2.to_out.0.bias. Will convert to torch.bfloat16
  warnings.warn(
/home/ubuntu/Difflet/difflet/backends/trainium/core/application_base.py:879: UserWarning: Found torch.float32 weights in checkpoint: blocks.34.attn2.to_out.0.weight. Will convert to torch.bfloat16
  warnings.warn(
/home/ubuntu/Difflet/difflet/backends/trainium/core/application_base.py:879: UserWarning: Found torch.float32 weights in checkpoint: blocks.34.attn2.to_q.bias. Will convert to torch.bfloat16
  warnings.warn(
/home/ubuntu/Difflet/difflet/backends/trainium/core/application_base.py:879: UserWarning: Found torch.float32 weights in checkpoint: blocks.34.attn2.to_q.weight. Will convert to torch.bfloat16
  warnings.warn(
/home/ubuntu/Difflet/difflet/backends/trainium/core/application_base.py:879: UserWarning: Found torch.float32 weights in checkpoint: blocks.34.attn2.to_v.bias. Will convert to torch.bfloat16
  warnings.warn(
/home/ubuntu/Difflet/difflet/backends/trainium/core/application_base.py:879: UserWarning: Found torch.float32 weights in checkpoint: blocks.34.attn2.to_v.weight. Will convert to torch.bfloat16
  warnings.warn(
/home/ubuntu/Difflet/difflet/backends/trainium/core/application_base.py:879: UserWarning: Found torch.float32 weights in checkpoint: blocks.34.ffn.net_in.bias. Will convert to torch.bfloat16
  warnings.warn(
/home/ubuntu/Difflet/difflet/backends/trainium/core/application_base.py:879: UserWarning: Found torch.float32 weights in checkpoint: blocks.34.ffn.net_in.weight. Will convert to torch.bfloat16
  warnings.warn(
/home/ubuntu/Difflet/difflet/backends/trainium/core/application_base.py:879: UserWarning: Found torch.float32 weights in checkpoint: blocks.34.ffn.net_out.bias. Will convert to torch.bfloat16
  warnings.warn(
/home/ubuntu/Difflet/difflet/backends/trainium/core/application_base.py:879: UserWarning: Found torch.float32 weights in checkpoint: blocks.34.ffn.net_out.weight. Will convert to torch.bfloat16
  warnings.warn(
/home/ubuntu/Difflet/difflet/backends/trainium/core/application_base.py:879: UserWarning: Found torch.float32 weights in checkpoint: blocks.34.norm2.bias. Will convert to torch.bfloat16
  warnings.warn(
/home/ubuntu/Difflet/difflet/backends/trainium/core/application_base.py:879: UserWarning: Found torch.float32 weights in checkpoint: blocks.34.norm2.weight. Will convert to torch.bfloat16
  warnings.warn(
/home/ubuntu/Difflet/difflet/backends/trainium/core/application_base.py:879: UserWarning: Found torch.float32 weights in checkpoint: blocks.35.attn1.norm_k.weight. Will convert to torch.bfloat16
  warnings.warn(
/home/ubuntu/Difflet/difflet/backends/trainium/core/application_base.py:879: UserWarning: Found torch.float32 weights in checkpoint: blocks.35.attn1.norm_q.weight. Will convert to torch.bfloat16
  warnings.warn(
/home/ubuntu/Difflet/difflet/backends/trainium/core/application_base.py:879: UserWarning: Found torch.float32 weights in checkpoint: blocks.35.attn1.to_k.bias. Will convert to torch.bfloat16
  warnings.warn(
/home/ubuntu/Difflet/difflet/backends/trainium/core/application_base.py:879: UserWarning: Found torch.float32 weights in checkpoint: blocks.35.attn1.to_k.weight. Will convert to torch.bfloat16
  warnings.warn(
/home/ubuntu/Difflet/difflet/backends/trainium/core/application_base.py:879: UserWarning: Found torch.float32 weights in checkpoint: blocks.35.attn1.to_out.0.bias. Will convert to torch.bfloat16
  warnings.warn(
/home/ubuntu/Difflet/difflet/backends/trainium/core/application_base.py:879: UserWarning: Found torch.float32 weights in checkpoint: blocks.35.attn1.to_out.0.weight. Will convert to torch.bfloat16
  warnings.warn(
/home/ubuntu/Difflet/difflet/backends/trainium/core/application_base.py:879: UserWarning: Found torch.float32 weights in checkpoint: blocks.35.attn1.to_q.bias. Will convert to torch.bfloat16
  warnings.warn(
/home/ubuntu/Difflet/difflet/backends/trainium/core/application_base.py:879: UserWarning: Found torch.float32 weights in checkpoint: blocks.35.attn1.to_q.weight. Will convert to torch.bfloat16
  warnings.warn(
/home/ubuntu/Difflet/difflet/backends/trainium/core/application_base.py:879: UserWarning: Found torch.float32 weights in checkpoint: blocks.35.attn1.to_v.bias. Will convert to torch.bfloat16
  warnings.warn(
/home/ubuntu/Difflet/difflet/backends/trainium/core/application_base.py:879: UserWarning: Found torch.float32 weights in checkpoint: blocks.35.attn1.to_v.weight. Will convert to torch.bfloat16
  warnings.warn(
/home/ubuntu/Difflet/difflet/backends/trainium/core/application_base.py:879: UserWarning: Found torch.float32 weights in checkpoint: blocks.35.attn2.norm_k.weight. Will convert to torch.bfloat16
  warnings.warn(
/home/ubuntu/Difflet/difflet/backends/trainium/core/application_base.py:879: UserWarning: Found torch.float32 weights in checkpoint: blocks.35.attn2.norm_q.weight. Will convert to torch.bfloat16
  warnings.warn(
/home/ubuntu/Difflet/difflet/backends/trainium/core/application_base.py:879: UserWarning: Found torch.float32 weights in checkpoint: blocks.35.attn2.to_k.bias. Will convert to torch.bfloat16
  warnings.warn(
/home/ubuntu/Difflet/difflet/backends/trainium/core/application_base.py:879: UserWarning: Found torch.float32 weights in checkpoint: blocks.35.attn2.to_k.weight. Will convert to torch.bfloat16
  warnings.warn(
/home/ubuntu/Difflet/difflet/backends/trainium/core/application_base.py:879: UserWarning: Found torch.float32 weights in checkpoint: blocks.35.attn2.to_out.0.bias. Will convert to torch.bfloat16
  warnings.warn(
/home/ubuntu/Difflet/difflet/backends/trainium/core/application_base.py:879: UserWarning: Found torch.float32 weights in checkpoint: blocks.35.attn2.to_out.0.weight. Will convert to torch.bfloat16
  warnings.warn(
/home/ubuntu/Difflet/difflet/backends/trainium/core/application_base.py:879: UserWarning: Found torch.float32 weights in checkpoint: blocks.35.attn2.to_q.bias. Will convert to torch.bfloat16
  warnings.warn(
/home/ubuntu/Difflet/difflet/backends/trainium/core/application_base.py:879: UserWarning: Found torch.float32 weights in checkpoint: blocks.35.attn2.to_q.weight. Will convert to torch.bfloat16
  warnings.warn(
/home/ubuntu/Difflet/difflet/backends/trainium/core/application_base.py:879: UserWarning: Found torch.float32 weights in checkpoint: blocks.35.attn2.to_v.bias. Will convert to torch.bfloat16
  warnings.warn(
/home/ubuntu/Difflet/difflet/backends/trainium/core/application_base.py:879: UserWarning: Found torch.float32 weights in checkpoint: blocks.35.attn2.to_v.weight. Will convert to torch.bfloat16
  warnings.warn(
/home/ubuntu/Difflet/difflet/backends/trainium/core/application_base.py:879: UserWarning: Found torch.float32 weights in checkpoint: blocks.35.ffn.net_in.bias. Will convert to torch.bfloat16
  warnings.warn(
/home/ubuntu/Difflet/difflet/backends/trainium/core/application_base.py:879: UserWarning: Found torch.float32 weights in checkpoint: blocks.35.ffn.net_in.weight. Will convert to torch.bfloat16
  warnings.warn(
/home/ubuntu/Difflet/difflet/backends/trainium/core/application_base.py:879: UserWarning: Found torch.float32 weights in checkpoint: blocks.35.ffn.net_out.bias. Will convert to torch.bfloat16
  warnings.warn(
/home/ubuntu/Difflet/difflet/backends/trainium/core/application_base.py:879: UserWarning: Found torch.float32 weights in checkpoint: blocks.35.ffn.net_out.weight. Will convert to torch.bfloat16
  warnings.warn(
/home/ubuntu/Difflet/difflet/backends/trainium/core/application_base.py:879: UserWarning: Found torch.float32 weights in checkpoint: blocks.35.norm2.bias. Will convert to torch.bfloat16
  warnings.warn(
/home/ubuntu/Difflet/difflet/backends/trainium/core/application_base.py:879: UserWarning: Found torch.float32 weights in checkpoint: blocks.35.norm2.weight. Will convert to torch.bfloat16
  warnings.warn(
/home/ubuntu/Difflet/difflet/backends/trainium/core/application_base.py:879: UserWarning: Found torch.float32 weights in checkpoint: blocks.35.scale_shift_table. Will convert to torch.bfloat16
  warnings.warn(
/home/ubuntu/Difflet/difflet/backends/trainium/core/application_base.py:879: UserWarning: Found torch.float32 weights in checkpoint: blocks.36.attn1.norm_k.weight. Will convert to torch.bfloat16
  warnings.warn(
/home/ubuntu/Difflet/difflet/backends/trainium/core/application_base.py:879: UserWarning: Found torch.float32 weights in checkpoint: blocks.36.attn1.norm_q.weight. Will convert to torch.bfloat16
  warnings.warn(
/home/ubuntu/Difflet/difflet/backends/trainium/core/application_base.py:879: UserWarning: Found torch.float32 weights in checkpoint: blocks.36.attn1.to_k.bias. Will convert to torch.bfloat16
  warnings.warn(
/home/ubuntu/Difflet/difflet/backends/trainium/core/application_base.py:879: UserWarning: Found torch.float32 weights in checkpoint: blocks.36.attn1.to_k.weight. Will convert to torch.bfloat16
  warnings.warn(
/home/ubuntu/Difflet/difflet/backends/trainium/core/application_base.py:879: UserWarning: Found torch.float32 weights in checkpoint: blocks.36.attn1.to_out.0.bias. Will convert to torch.bfloat16
  warnings.warn(
/home/ubuntu/Difflet/difflet/backends/trainium/core/application_base.py:879: UserWarning: Found torch.float32 weights in checkpoint: blocks.36.attn1.to_out.0.weight. Will convert to torch.bfloat16
  warnings.warn(
/home/ubuntu/Difflet/difflet/backends/trainium/core/application_base.py:879: UserWarning: Found torch.float32 weights in checkpoint: blocks.36.attn1.to_q.bias. Will convert to torch.bfloat16
  warnings.warn(
/home/ubuntu/Difflet/difflet/backends/trainium/core/application_base.py:879: UserWarning: Found torch.float32 weights in checkpoint: blocks.36.attn1.to_q.weight. Will convert to torch.bfloat16
  warnings.warn(
/home/ubuntu/Difflet/difflet/backends/trainium/core/application_base.py:879: UserWarning: Found torch.float32 weights in checkpoint: blocks.36.attn1.to_v.bias. Will convert to torch.bfloat16
  warnings.warn(
/home/ubuntu/Difflet/difflet/backends/trainium/core/application_base.py:879: UserWarning: Found torch.float32 weights in checkpoint: blocks.36.attn1.to_v.weight. Will convert to torch.bfloat16
  warnings.warn(
/home/ubuntu/Difflet/difflet/backends/trainium/core/application_base.py:879: UserWarning: Found torch.float32 weights in checkpoint: blocks.36.attn2.norm_k.weight. Will convert to torch.bfloat16
  warnings.warn(
/home/ubuntu/Difflet/difflet/backends/trainium/core/application_base.py:879: UserWarning: Found torch.float32 weights in checkpoint: blocks.36.attn2.norm_q.weight. Will convert to torch.bfloat16
  warnings.warn(
/home/ubuntu/Difflet/difflet/backends/trainium/core/application_base.py:879: UserWarning: Found torch.float32 weights in checkpoint: blocks.36.attn2.to_k.bias. Will convert to torch.bfloat16
  warnings.warn(
/home/ubuntu/Difflet/difflet/backends/trainium/core/application_base.py:879: UserWarning: Found torch.float32 weights in checkpoint: blocks.36.attn2.to_k.weight. Will convert to torch.bfloat16
  warnings.warn(
/home/ubuntu/Difflet/difflet/backends/trainium/core/application_base.py:879: UserWarning: Found torch.float32 weights in checkpoint: blocks.36.attn2.to_out.0.bias. Will convert to torch.bfloat16
  warnings.warn(
/home/ubuntu/Difflet/difflet/backends/trainium/core/application_base.py:879: UserWarning: Found torch.float32 weights in checkpoint: blocks.36.attn2.to_out.0.weight. Will convert to torch.bfloat16
  warnings.warn(
/home/ubuntu/Difflet/difflet/backends/trainium/core/application_base.py:879: UserWarning: Found torch.float32 weights in checkpoint: blocks.36.attn2.to_q.bias. Will convert to torch.bfloat16
  warnings.warn(
/home/ubuntu/Difflet/difflet/backends/trainium/core/application_base.py:879: UserWarning: Found torch.float32 weights in checkpoint: blocks.36.attn2.to_q.weight. Will convert to torch.bfloat16
  warnings.warn(
/home/ubuntu/Difflet/difflet/backends/trainium/core/application_base.py:879: UserWarning: Found torch.float32 weights in checkpoint: blocks.36.attn2.to_v.bias. Will convert to torch.bfloat16
  warnings.warn(
/home/ubuntu/Difflet/difflet/backends/trainium/core/application_base.py:879: UserWarning: Found torch.float32 weights in checkpoint: blocks.36.attn2.to_v.weight. Will convert to torch.bfloat16
  warnings.warn(
/home/ubuntu/Difflet/difflet/backends/trainium/core/application_base.py:879: UserWarning: Found torch.float32 weights in checkpoint: blocks.36.ffn.net_in.bias. Will convert to torch.bfloat16
  warnings.warn(
/home/ubuntu/Difflet/difflet/backends/trainium/core/application_base.py:879: UserWarning: Found torch.float32 weights in checkpoint: blocks.36.ffn.net_in.weight. Will convert to torch.bfloat16
  warnings.warn(
/home/ubuntu/Difflet/difflet/backends/trainium/core/application_base.py:879: UserWarning: Found torch.float32 weights in checkpoint: blocks.36.ffn.net_out.bias. Will convert to torch.bfloat16
  warnings.warn(
/home/ubuntu/Difflet/difflet/backends/trainium/core/application_base.py:879: UserWarning: Found torch.float32 weights in checkpoint: blocks.36.ffn.net_out.weight. Will convert to torch.bfloat16
  warnings.warn(
/home/ubuntu/Difflet/difflet/backends/trainium/core/application_base.py:879: UserWarning: Found torch.float32 weights in checkpoint: blocks.36.norm2.bias. Will convert to torch.bfloat16
  warnings.warn(
/home/ubuntu/Difflet/difflet/backends/trainium/core/application_base.py:879: UserWarning: Found torch.float32 weights in checkpoint: blocks.36.norm2.weight. Will convert to torch.bfloat16
  warnings.warn(
/home/ubuntu/Difflet/difflet/backends/trainium/core/application_base.py:879: UserWarning: Found torch.float32 weights in checkpoint: blocks.36.scale_shift_table. Will convert to torch.bfloat16
  warnings.warn(
/home/ubuntu/Difflet/difflet/backends/trainium/core/application_base.py:879: UserWarning: Found torch.float32 weights in checkpoint: blocks.37.attn1.norm_k.weight. Will convert to torch.bfloat16
  warnings.warn(
/home/ubuntu/Difflet/difflet/backends/trainium/core/application_base.py:879: UserWarning: Found torch.float32 weights in checkpoint: blocks.37.attn1.norm_q.weight. Will convert to torch.bfloat16
  warnings.warn(
/home/ubuntu/Difflet/difflet/backends/trainium/core/application_base.py:879: UserWarning: Found torch.float32 weights in checkpoint: blocks.37.attn1.to_k.bias. Will convert to torch.bfloat16
  warnings.warn(
/home/ubuntu/Difflet/difflet/backends/trainium/core/application_base.py:879: UserWarning: Found torch.float32 weights in checkpoint: blocks.37.attn1.to_k.weight. Will convert to torch.bfloat16
  warnings.warn(
/home/ubuntu/Difflet/difflet/backends/trainium/core/application_base.py:879: UserWarning: Found torch.float32 weights in checkpoint: blocks.37.attn1.to_out.0.bias. Will convert to torch.bfloat16
  warnings.warn(
/home/ubuntu/Difflet/difflet/backends/trainium/core/application_base.py:879: UserWarning: Found torch.float32 weights in checkpoint: blocks.37.attn1.to_out.0.weight. Will convert to torch.bfloat16
  warnings.warn(
/home/ubuntu/Difflet/difflet/backends/trainium/core/application_base.py:879: UserWarning: Found torch.float32 weights in checkpoint: blocks.37.attn1.to_q.bias. Will convert to torch.bfloat16
  warnings.warn(
/home/ubuntu/Difflet/difflet/backends/trainium/core/application_base.py:879: UserWarning: Found torch.float32 weights in checkpoint: blocks.37.attn1.to_q.weight. Will convert to torch.bfloat16
  warnings.warn(
/home/ubuntu/Difflet/difflet/backends/trainium/core/application_base.py:879: UserWarning: Found torch.float32 weights in checkpoint: blocks.37.attn1.to_v.bias. Will convert to torch.bfloat16
  warnings.warn(
/home/ubuntu/Difflet/difflet/backends/trainium/core/application_base.py:879: UserWarning: Found torch.float32 weights in checkpoint: blocks.37.attn1.to_v.weight. Will convert to torch.bfloat16
  warnings.warn(
/home/ubuntu/Difflet/difflet/backends/trainium/core/application_base.py:879: UserWarning: Found torch.float32 weights in checkpoint: blocks.37.attn2.norm_k.weight. Will convert to torch.bfloat16
  warnings.warn(
/home/ubuntu/Difflet/difflet/backends/trainium/core/application_base.py:879: UserWarning: Found torch.float32 weights in checkpoint: blocks.37.attn2.norm_q.weight. Will convert to torch.bfloat16
  warnings.warn(
/home/ubuntu/Difflet/difflet/backends/trainium/core/application_base.py:879: UserWarning: Found torch.float32 weights in checkpoint: blocks.37.attn2.to_k.bias. Will convert to torch.bfloat16
  warnings.warn(
/home/ubuntu/Difflet/difflet/backends/trainium/core/application_base.py:879: UserWarning: Found torch.float32 weights in checkpoint: blocks.37.attn2.to_k.weight. Will convert to torch.bfloat16
  warnings.warn(
/home/ubuntu/Difflet/difflet/backends/trainium/core/application_base.py:879: UserWarning: Found torch.float32 weights in checkpoint: blocks.37.attn2.to_out.0.bias. Will convert to torch.bfloat16
  warnings.warn(
/home/ubuntu/Difflet/difflet/backends/trainium/core/application_base.py:879: UserWarning: Found torch.float32 weights in checkpoint: blocks.37.attn2.to_out.0.weight. Will convert to torch.bfloat16
  warnings.warn(
/home/ubuntu/Difflet/difflet/backends/trainium/core/application_base.py:879: UserWarning: Found torch.float32 weights in checkpoint: blocks.37.attn2.to_q.bias. Will convert to torch.bfloat16
  warnings.warn(
/home/ubuntu/Difflet/difflet/backends/trainium/core/application_base.py:879: UserWarning: Found torch.float32 weights in checkpoint: blocks.37.attn2.to_q.weight. Will convert to torch.bfloat16
  warnings.warn(
/home/ubuntu/Difflet/difflet/backends/trainium/core/application_base.py:879: UserWarning: Found torch.float32 weights in checkpoint: blocks.37.attn2.to_v.bias. Will convert to torch.bfloat16
  warnings.warn(
/home/ubuntu/Difflet/difflet/backends/trainium/core/application_base.py:879: UserWarning: Found torch.float32 weights in checkpoint: blocks.37.attn2.to_v.weight. Will convert to torch.bfloat16
  warnings.warn(
/home/ubuntu/Difflet/difflet/backends/trainium/core/application_base.py:879: UserWarning: Found torch.float32 weights in checkpoint: blocks.37.ffn.net_in.bias. Will convert to torch.bfloat16
  warnings.warn(
/home/ubuntu/Difflet/difflet/backends/trainium/core/application_base.py:879: UserWarning: Found torch.float32 weights in checkpoint: blocks.37.ffn.net_in.weight. Will convert to torch.bfloat16
  warnings.warn(
/home/ubuntu/Difflet/difflet/backends/trainium/core/application_base.py:879: UserWarning: Found torch.float32 weights in checkpoint: blocks.37.norm2.bias. Will convert to torch.bfloat16
  warnings.warn(
/home/ubuntu/Difflet/difflet/backends/trainium/core/application_base.py:879: UserWarning: Found torch.float32 weights in checkpoint: blocks.37.norm2.weight. Will convert to torch.bfloat16
  warnings.warn(
/home/ubuntu/Difflet/difflet/backends/trainium/core/application_base.py:879: UserWarning: Found torch.float32 weights in checkpoint: blocks.37.scale_shift_table. Will convert to torch.bfloat16
  warnings.warn(
/home/ubuntu/Difflet/difflet/backends/trainium/core/application_base.py:879: UserWarning: Found torch.float32 weights in checkpoint: blocks.0.attn1.norm_k.weight. Will convert to torch.bfloat16
  warnings.warn(
/home/ubuntu/Difflet/difflet/backends/trainium/core/application_base.py:879: UserWarning: Found torch.float32 weights in checkpoint: blocks.0.attn1.norm_q.weight. Will convert to torch.bfloat16
  warnings.warn(
/home/ubuntu/Difflet/difflet/backends/trainium/core/application_base.py:879: UserWarning: Found torch.float32 weights in checkpoint: blocks.0.attn1.to_k.bias. Will convert to torch.bfloat16
  warnings.warn(
/home/ubuntu/Difflet/difflet/backends/trainium/core/application_base.py:879: UserWarning: Found torch.float32 weights in checkpoint: blocks.0.attn1.to_k.weight. Will convert to torch.bfloat16
  warnings.warn(
/home/ubuntu/Difflet/difflet/backends/trainium/core/application_base.py:879: UserWarning: Found torch.float32 weights in checkpoint: blocks.0.attn1.to_out.0.bias. Will convert to torch.bfloat16
  warnings.warn(
/home/ubuntu/Difflet/difflet/backends/trainium/core/application_base.py:879: UserWarning: Found torch.float32 weights in checkpoint: blocks.0.attn1.to_out.0.weight. Will convert to torch.bfloat16
  warnings.warn(
/home/ubuntu/Difflet/difflet/backends/trainium/core/application_base.py:879: UserWarning: Found torch.float32 weights in checkpoint: blocks.0.attn1.to_q.bias. Will convert to torch.bfloat16
  warnings.warn(
/home/ubuntu/Difflet/difflet/backends/trainium/core/application_base.py:879: UserWarning: Found torch.float32 weights in checkpoint: blocks.0.attn1.to_q.weight. Will convert to torch.bfloat16
  warnings.warn(
/home/ubuntu/Difflet/difflet/backends/trainium/core/application_base.py:879: UserWarning: Found torch.float32 weights in checkpoint: blocks.0.attn1.to_v.bias. Will convert to torch.bfloat16
  warnings.warn(
/home/ubuntu/Difflet/difflet/backends/trainium/core/application_base.py:879: UserWarning: Found torch.float32 weights in checkpoint: blocks.0.attn1.to_v.weight. Will convert to torch.bfloat16
  warnings.warn(
/home/ubuntu/Difflet/difflet/backends/trainium/core/application_base.py:879: UserWarning: Found torch.float32 weights in checkpoint: blocks.0.attn2.norm_k.weight. Will convert to torch.bfloat16
  warnings.warn(
/home/ubuntu/Difflet/difflet/backends/trainium/core/application_base.py:879: UserWarning: Found torch.float32 weights in checkpoint: blocks.0.attn2.norm_q.weight. Will convert to torch.bfloat16
  warnings.warn(
/home/ubuntu/Difflet/difflet/backends/trainium/core/application_base.py:879: UserWarning: Found torch.float32 weights in checkpoint: blocks.0.attn2.to_k.bias. Will convert to torch.bfloat16
  warnings.warn(
/home/ubuntu/Difflet/difflet/backends/trainium/core/application_base.py:879: UserWarning: Found torch.float32 weights in checkpoint: blocks.0.attn2.to_k.weight. Will convert to torch.bfloat16
  warnings.warn(
/home/ubuntu/Difflet/difflet/backends/trainium/core/application_base.py:879: UserWarning: Found torch.float32 weights in checkpoint: blocks.0.attn2.to_out.0.bias. Will convert to torch.bfloat16
  warnings.warn(
/home/ubuntu/Difflet/difflet/backends/trainium/core/application_base.py:879: UserWarning: Found torch.float32 weights in checkpoint: blocks.0.attn2.to_out.0.weight. Will convert to torch.bfloat16
  warnings.warn(
/home/ubuntu/Difflet/difflet/backends/trainium/core/application_base.py:879: UserWarning: Found torch.float32 weights in checkpoint: blocks.0.attn2.to_q.bias. Will convert to torch.bfloat16
  warnings.warn(
/home/ubuntu/Difflet/difflet/backends/trainium/core/application_base.py:879: UserWarning: Found torch.float32 weights in checkpoint: blocks.0.attn2.to_q.weight. Will convert to torch.bfloat16
  warnings.warn(
/home/ubuntu/Difflet/difflet/backends/trainium/core/application_base.py:879: UserWarning: Found torch.float32 weights in checkpoint: blocks.0.attn2.to_v.bias. Will convert to torch.bfloat16
  warnings.warn(
/home/ubuntu/Difflet/difflet/backends/trainium/core/application_base.py:879: UserWarning: Found torch.float32 weights in checkpoint: blocks.0.attn2.to_v.weight. Will convert to torch.bfloat16
  warnings.warn(
/home/ubuntu/Difflet/difflet/backends/trainium/core/application_base.py:879: UserWarning: Found torch.float32 weights in checkpoint: blocks.0.ffn.net_in.bias. Will convert to torch.bfloat16
  warnings.warn(
/home/ubuntu/Difflet/difflet/backends/trainium/core/application_base.py:879: UserWarning: Found torch.float32 weights in checkpoint: blocks.0.ffn.net_in.weight. Will convert to torch.bfloat16
  warnings.warn(
/home/ubuntu/Difflet/difflet/backends/trainium/core/application_base.py:879: UserWarning: Found torch.float32 weights in checkpoint: blocks.0.ffn.net_out.bias. Will convert to torch.bfloat16
  warnings.warn(
/home/ubuntu/Difflet/difflet/backends/trainium/core/application_base.py:879: UserWarning: Found torch.float32 weights in checkpoint: blocks.0.ffn.net_out.weight. Will convert to torch.bfloat16
  warnings.warn(
/home/ubuntu/Difflet/difflet/backends/trainium/core/application_base.py:879: UserWarning: Found torch.float32 weights in checkpoint: blocks.0.norm2.bias. Will convert to torch.bfloat16
  warnings.warn(
/home/ubuntu/Difflet/difflet/backends/trainium/core/application_base.py:879: UserWarning: Found torch.float32 weights in checkpoint: blocks.0.norm2.weight. Will convert to torch.bfloat16
  warnings.warn(
/home/ubuntu/Difflet/difflet/backends/trainium/core/application_base.py:879: UserWarning: Found torch.float32 weights in checkpoint: blocks.0.scale_shift_table. Will convert to torch.bfloat16
  warnings.warn(
/home/ubuntu/Difflet/difflet/backends/trainium/core/application_base.py:879: UserWarning: Found torch.float32 weights in checkpoint: blocks.1.attn1.norm_k.weight. Will convert to torch.bfloat16
  warnings.warn(
/home/ubuntu/Difflet/difflet/backends/trainium/core/application_base.py:879: UserWarning: Found torch.float32 weights in checkpoint: blocks.1.attn1.norm_q.weight. Will convert to torch.bfloat16
  warnings.warn(
/home/ubuntu/Difflet/difflet/backends/trainium/core/application_base.py:879: UserWarning: Found torch.float32 weights in checkpoint: blocks.1.attn1.to_k.bias. Will convert to torch.bfloat16
  warnings.warn(
/home/ubuntu/Difflet/difflet/backends/trainium/core/application_base.py:879: UserWarning: Found torch.float32 weights in checkpoint: blocks.1.attn1.to_k.weight. Will convert to torch.bfloat16
  warnings.warn(
/home/ubuntu/Difflet/difflet/backends/trainium/core/application_base.py:879: UserWarning: Found torch.float32 weights in checkpoint: blocks.1.attn1.to_out.0.bias. Will convert to torch.bfloat16
  warnings.warn(
/home/ubuntu/Difflet/difflet/backends/trainium/core/application_base.py:879: UserWarning: Found torch.float32 weights in checkpoint: blocks.1.attn1.to_out.0.weight. Will convert to torch.bfloat16
  warnings.warn(
/home/ubuntu/Difflet/difflet/backends/trainium/core/application_base.py:879: UserWarning: Found torch.float32 weights in checkpoint: blocks.1.attn1.to_q.bias. Will convert to torch.bfloat16
  warnings.warn(
/home/ubuntu/Difflet/difflet/backends/trainium/core/application_base.py:879: UserWarning: Found torch.float32 weights in checkpoint: blocks.1.attn1.to_q.weight. Will convert to torch.bfloat16
  warnings.warn(
/home/ubuntu/Difflet/difflet/backends/trainium/core/application_base.py:879: UserWarning: Found torch.float32 weights in checkpoint: blocks.1.attn1.to_v.bias. Will convert to torch.bfloat16
  warnings.warn(
/home/ubuntu/Difflet/difflet/backends/trainium/core/application_base.py:879: UserWarning: Found torch.float32 weights in checkpoint: blocks.1.attn1.to_v.weight. Will convert to torch.bfloat16
  warnings.warn(
/home/ubuntu/Difflet/difflet/backends/trainium/core/application_base.py:879: UserWarning: Found torch.float32 weights in checkpoint: blocks.1.attn2.norm_k.weight. Will convert to torch.bfloat16
  warnings.warn(
/home/ubuntu/Difflet/difflet/backends/trainium/core/application_base.py:879: UserWarning: Found torch.float32 weights in checkpoint: blocks.1.attn2.norm_q.weight. Will convert to torch.bfloat16
  warnings.warn(
/home/ubuntu/Difflet/difflet/backends/trainium/core/application_base.py:879: UserWarning: Found torch.float32 weights in checkpoint: blocks.1.attn2.to_k.bias. Will convert to torch.bfloat16
  warnings.warn(
/home/ubuntu/Difflet/difflet/backends/trainium/core/application_base.py:879: UserWarning: Found torch.float32 weights in checkpoint: blocks.1.attn2.to_k.weight. Will convert to torch.bfloat16
  warnings.warn(
/home/ubuntu/Difflet/difflet/backends/trainium/core/application_base.py:879: UserWarning: Found torch.float32 weights in checkpoint: blocks.1.attn2.to_out.0.bias. Will convert to torch.bfloat16
  warnings.warn(
/home/ubuntu/Difflet/difflet/backends/trainium/core/application_base.py:879: UserWarning: Found torch.float32 weights in checkpoint: blocks.1.attn2.to_out.0.weight. Will convert to torch.bfloat16
  warnings.warn(
/home/ubuntu/Difflet/difflet/backends/trainium/core/application_base.py:879: UserWarning: Found torch.float32 weights in checkpoint: blocks.1.attn2.to_q.bias. Will convert to torch.bfloat16
  warnings.warn(
/home/ubuntu/Difflet/difflet/backends/trainium/core/application_base.py:879: UserWarning: Found torch.float32 weights in checkpoint: blocks.1.attn2.to_q.weight. Will convert to torch.bfloat16
  warnings.warn(
/home/ubuntu/Difflet/difflet/backends/trainium/core/application_base.py:879: UserWarning: Found torch.float32 weights in checkpoint: blocks.1.attn2.to_v.bias. Will convert to torch.bfloat16
  warnings.warn(
/home/ubuntu/Difflet/difflet/backends/trainium/core/application_base.py:879: UserWarning: Found torch.float32 weights in checkpoint: blocks.1.attn2.to_v.weight. Will convert to torch.bfloat16
  warnings.warn(
/home/ubuntu/Difflet/difflet/backends/trainium/core/application_base.py:879: UserWarning: Found torch.float32 weights in checkpoint: blocks.1.ffn.net_in.bias. Will convert to torch.bfloat16
  warnings.warn(
/home/ubuntu/Difflet/difflet/backends/trainium/core/application_base.py:879: UserWarning: Found torch.float32 weights in checkpoint: blocks.1.ffn.net_in.weight. Will convert to torch.bfloat16
  warnings.warn(
/home/ubuntu/Difflet/difflet/backends/trainium/core/application_base.py:879: UserWarning: Found torch.float32 weights in checkpoint: blocks.1.ffn.net_out.bias. Will convert to torch.bfloat16
  warnings.warn(
/home/ubuntu/Difflet/difflet/backends/trainium/core/application_base.py:879: UserWarning: Found torch.float32 weights in checkpoint: blocks.1.ffn.net_out.weight. Will convert to torch.bfloat16
  warnings.warn(
/home/ubuntu/Difflet/difflet/backends/trainium/core/application_base.py:879: UserWarning: Found torch.float32 weights in checkpoint: blocks.1.norm2.bias. Will convert to torch.bfloat16
  warnings.warn(
/home/ubuntu/Difflet/difflet/backends/trainium/core/application_base.py:879: UserWarning: Found torch.float32 weights in checkpoint: blocks.1.norm2.weight. Will convert to torch.bfloat16
  warnings.warn(
/home/ubuntu/Difflet/difflet/backends/trainium/core/application_base.py:879: UserWarning: Found torch.float32 weights in checkpoint: blocks.1.scale_shift_table. Will convert to torch.bfloat16
  warnings.warn(
/home/ubuntu/Difflet/difflet/backends/trainium/core/application_base.py:879: UserWarning: Found torch.float32 weights in checkpoint: blocks.2.attn1.norm_k.weight. Will convert to torch.bfloat16
  warnings.warn(
/home/ubuntu/Difflet/difflet/backends/trainium/core/application_base.py:879: UserWarning: Found torch.float32 weights in checkpoint: blocks.2.attn1.norm_q.weight. Will convert to torch.bfloat16
  warnings.warn(
/home/ubuntu/Difflet/difflet/backends/trainium/core/application_base.py:879: UserWarning: Found torch.float32 weights in checkpoint: blocks.2.attn1.to_k.bias. Will convert to torch.bfloat16
  warnings.warn(
/home/ubuntu/Difflet/difflet/backends/trainium/core/application_base.py:879: UserWarning: Found torch.float32 weights in checkpoint: blocks.2.attn1.to_k.weight. Will convert to torch.bfloat16
  warnings.warn(
/home/ubuntu/Difflet/difflet/backends/trainium/core/application_base.py:879: UserWarning: Found torch.float32 weights in checkpoint: blocks.2.attn1.to_out.0.bias. Will convert to torch.bfloat16
  warnings.warn(
/home/ubuntu/Difflet/difflet/backends/trainium/core/application_base.py:879: UserWarning: Found torch.float32 weights in checkpoint: blocks.2.attn1.to_out.0.weight. Will convert to torch.bfloat16
  warnings.warn(
/home/ubuntu/Difflet/difflet/backends/trainium/core/application_base.py:879: UserWarning: Found torch.float32 weights in checkpoint: blocks.2.attn1.to_q.bias. Will convert to torch.bfloat16
  warnings.warn(
/home/ubuntu/Difflet/difflet/backends/trainium/core/application_base.py:879: UserWarning: Found torch.float32 weights in checkpoint: blocks.2.attn1.to_q.weight. Will convert to torch.bfloat16
  warnings.warn(
/home/ubuntu/Difflet/difflet/backends/trainium/core/application_base.py:879: UserWarning: Found torch.float32 weights in checkpoint: blocks.2.attn1.to_v.bias. Will convert to torch.bfloat16
  warnings.warn(
/home/ubuntu/Difflet/difflet/backends/trainium/core/application_base.py:879: UserWarning: Found torch.float32 weights in checkpoint: blocks.2.attn1.to_v.weight. Will convert to torch.bfloat16
  warnings.warn(
/home/ubuntu/Difflet/difflet/backends/trainium/core/application_base.py:879: UserWarning: Found torch.float32 weights in checkpoint: blocks.2.attn2.norm_k.weight. Will convert to torch.bfloat16
  warnings.warn(
/home/ubuntu/Difflet/difflet/backends/trainium/core/application_base.py:879: UserWarning: Found torch.float32 weights in checkpoint: blocks.2.attn2.norm_q.weight. Will convert to torch.bfloat16
  warnings.warn(
/home/ubuntu/Difflet/difflet/backends/trainium/core/application_base.py:879: UserWarning: Found torch.float32 weights in checkpoint: blocks.2.attn2.to_k.bias. Will convert to torch.bfloat16
  warnings.warn(
/home/ubuntu/Difflet/difflet/backends/trainium/core/application_base.py:879: UserWarning: Found torch.float32 weights in checkpoint: blocks.2.attn2.to_k.weight. Will convert to torch.bfloat16
  warnings.warn(
/home/ubuntu/Difflet/difflet/backends/trainium/core/application_base.py:879: UserWarning: Found torch.float32 weights in checkpoint: blocks.2.attn2.to_out.0.bias. Will convert to torch.bfloat16
  warnings.warn(
/home/ubuntu/Difflet/difflet/backends/trainium/core/application_base.py:879: UserWarning: Found torch.float32 weights in checkpoint: blocks.2.attn2.to_out.0.weight. Will convert to torch.bfloat16
  warnings.warn(
/home/ubuntu/Difflet/difflet/backends/trainium/core/application_base.py:879: UserWarning: Found torch.float32 weights in checkpoint: blocks.2.attn2.to_q.bias. Will convert to torch.bfloat16
  warnings.warn(
/home/ubuntu/Difflet/difflet/backends/trainium/core/application_base.py:879: UserWarning: Found torch.float32 weights in checkpoint: blocks.2.attn2.to_q.weight. Will convert to torch.bfloat16
  warnings.warn(
/home/ubuntu/Difflet/difflet/backends/trainium/core/application_base.py:879: UserWarning: Found torch.float32 weights in checkpoint: blocks.2.attn2.to_v.bias. Will convert to torch.bfloat16
  warnings.warn(
/home/ubuntu/Difflet/difflet/backends/trainium/core/application_base.py:879: UserWarning: Found torch.float32 weights in checkpoint: blocks.2.attn2.to_v.weight. Will convert to torch.bfloat16
  warnings.warn(
/home/ubuntu/Difflet/difflet/backends/trainium/core/application_base.py:879: UserWarning: Found torch.float32 weights in checkpoint: blocks.2.ffn.net_in.bias. Will convert to torch.bfloat16
  warnings.warn(
/home/ubuntu/Difflet/difflet/backends/trainium/core/application_base.py:879: UserWarning: Found torch.float32 weights in checkpoint: blocks.2.ffn.net_in.weight. Will convert to torch.bfloat16
  warnings.warn(
/home/ubuntu/Difflet/difflet/backends/trainium/core/application_base.py:879: UserWarning: Found torch.float32 weights in checkpoint: blocks.2.norm2.bias. Will convert to torch.bfloat16
  warnings.warn(
/home/ubuntu/Difflet/difflet/backends/trainium/core/application_base.py:879: UserWarning: Found torch.float32 weights in checkpoint: blocks.2.norm2.weight. Will convert to torch.bfloat16
  warnings.warn(
/home/ubuntu/Difflet/difflet/backends/trainium/core/application_base.py:879: UserWarning: Found torch.float32 weights in checkpoint: blocks.2.scale_shift_table. Will convert to torch.bfloat16
  warnings.warn(
/home/ubuntu/Difflet/difflet/backends/trainium/core/application_base.py:879: UserWarning: Found torch.float32 weights in checkpoint: condition_embedder.text_embedder.linear_1.bias. Will convert to torch.bfloat16
  warnings.warn(
/home/ubuntu/Difflet/difflet/backends/trainium/core/application_base.py:879: UserWarning: Found torch.float32 weights in checkpoint: condition_embedder.text_embedder.linear_1.weight. Will convert to torch.bfloat16
  warnings.warn(
/home/ubuntu/Difflet/difflet/backends/trainium/core/application_base.py:879: UserWarning: Found torch.float32 weights in checkpoint: condition_embedder.text_embedder.linear_2.bias. Will convert to torch.bfloat16
  warnings.warn(
/home/ubuntu/Difflet/difflet/backends/trainium/core/application_base.py:879: UserWarning: Found torch.float32 weights in checkpoint: condition_embedder.text_embedder.linear_2.weight. Will convert to torch.bfloat16
  warnings.warn(
/home/ubuntu/Difflet/difflet/backends/trainium/core/application_base.py:879: UserWarning: Found torch.float32 weights in checkpoint: condition_embedder.time_embedder.linear_1.bias. Will convert to torch.bfloat16
  warnings.warn(
/home/ubuntu/Difflet/difflet/backends/trainium/core/application_base.py:879: UserWarning: Found torch.float32 weights in checkpoint: condition_embedder.time_embedder.linear_1.weight. Will convert to torch.bfloat16
  warnings.warn(
/home/ubuntu/Difflet/difflet/backends/trainium/core/application_base.py:879: UserWarning: Found torch.float32 weights in checkpoint: condition_embedder.time_embedder.linear_2.bias. Will convert to torch.bfloat16
  warnings.warn(
/home/ubuntu/Difflet/difflet/backends/trainium/core/application_base.py:879: UserWarning: Found torch.float32 weights in checkpoint: condition_embedder.time_embedder.linear_2.weight. Will convert to torch.bfloat16
  warnings.warn(
/home/ubuntu/Difflet/difflet/backends/trainium/core/application_base.py:879: UserWarning: Found torch.float32 weights in checkpoint: condition_embedder.time_proj.bias. Will convert to torch.bfloat16
  warnings.warn(
/home/ubuntu/Difflet/difflet/backends/trainium/core/application_base.py:879: UserWarning: Found torch.float32 weights in checkpoint: condition_embedder.time_proj.weight. Will convert to torch.bfloat16
  warnings.warn(
/home/ubuntu/Difflet/difflet/backends/trainium/core/application_base.py:879: UserWarning: Found torch.float32 weights in checkpoint: patch_embedding.bias. Will convert to torch.bfloat16
  warnings.warn(
/home/ubuntu/Difflet/difflet/backends/trainium/core/application_base.py:879: UserWarning: Found torch.float32 weights in checkpoint: patch_embedding.weight. Will convert to torch.bfloat16
  warnings.warn(
/home/ubuntu/Difflet/difflet/backends/trainium/core/application_base.py:879: UserWarning: Found torch.float32 weights in checkpoint: scale_shift_table. Will convert to torch.bfloat16
  warnings.warn(
/home/ubuntu/Difflet/difflet/backends/trainium/core/application_base.py:879: UserWarning: Found torch.float32 weights in checkpoint: blocks.2.ffn.net_out.bias. Will convert to torch.bfloat16
  warnings.warn(
/home/ubuntu/Difflet/difflet/backends/trainium/core/application_base.py:879: UserWarning: Found torch.float32 weights in checkpoint: blocks.2.ffn.net_out.weight. Will convert to torch.bfloat16
  warnings.warn(
/home/ubuntu/Difflet/difflet/backends/trainium/core/application_base.py:879: UserWarning: Found torch.float32 weights in checkpoint: blocks.3.attn1.norm_k.weight. Will convert to torch.bfloat16
  warnings.warn(
/home/ubuntu/Difflet/difflet/backends/trainium/core/application_base.py:879: UserWarning: Found torch.float32 weights in checkpoint: blocks.3.attn1.norm_q.weight. Will convert to torch.bfloat16
  warnings.warn(
/home/ubuntu/Difflet/difflet/backends/trainium/core/application_base.py:879: UserWarning: Found torch.float32 weights in checkpoint: blocks.3.attn1.to_k.bias. Will convert to torch.bfloat16
  warnings.warn(
/home/ubuntu/Difflet/difflet/backends/trainium/core/application_base.py:879: UserWarning: Found torch.float32 weights in checkpoint: blocks.3.attn1.to_k.weight. Will convert to torch.bfloat16
  warnings.warn(
/home/ubuntu/Difflet/difflet/backends/trainium/core/application_base.py:879: UserWarning: Found torch.float32 weights in checkpoint: blocks.3.attn1.to_out.0.bias. Will convert to torch.bfloat16
  warnings.warn(
/home/ubuntu/Difflet/difflet/backends/trainium/core/application_base.py:879: UserWarning: Found torch.float32 weights in checkpoint: blocks.3.attn1.to_out.0.weight. Will convert to torch.bfloat16
  warnings.warn(
/home/ubuntu/Difflet/difflet/backends/trainium/core/application_base.py:879: UserWarning: Found torch.float32 weights in checkpoint: blocks.3.attn1.to_q.bias. Will convert to torch.bfloat16
  warnings.warn(
/home/ubuntu/Difflet/difflet/backends/trainium/core/application_base.py:879: UserWarning: Found torch.float32 weights in checkpoint: blocks.3.attn1.to_q.weight. Will convert to torch.bfloat16
  warnings.warn(
/home/ubuntu/Difflet/difflet/backends/trainium/core/application_base.py:879: UserWarning: Found torch.float32 weights in checkpoint: blocks.3.attn1.to_v.bias. Will convert to torch.bfloat16
  warnings.warn(
/home/ubuntu/Difflet/difflet/backends/trainium/core/application_base.py:879: UserWarning: Found torch.float32 weights in checkpoint: blocks.3.attn1.to_v.weight. Will convert to torch.bfloat16
  warnings.warn(
/home/ubuntu/Difflet/difflet/backends/trainium/core/application_base.py:879: UserWarning: Found torch.float32 weights in checkpoint: blocks.3.attn2.norm_k.weight. Will convert to torch.bfloat16
  warnings.warn(
/home/ubuntu/Difflet/difflet/backends/trainium/core/application_base.py:879: UserWarning: Found torch.float32 weights in checkpoint: blocks.3.attn2.norm_q.weight. Will convert to torch.bfloat16
  warnings.warn(
/home/ubuntu/Difflet/difflet/backends/trainium/core/application_base.py:879: UserWarning: Found torch.float32 weights in checkpoint: blocks.3.attn2.to_k.bias. Will convert to torch.bfloat16
  warnings.warn(
/home/ubuntu/Difflet/difflet/backends/trainium/core/application_base.py:879: UserWarning: Found torch.float32 weights in checkpoint: blocks.3.attn2.to_k.weight. Will convert to torch.bfloat16
  warnings.warn(
/home/ubuntu/Difflet/difflet/backends/trainium/core/application_base.py:879: UserWarning: Found torch.float32 weights in checkpoint: blocks.3.attn2.to_out.0.bias. Will convert to torch.bfloat16
  warnings.warn(
/home/ubuntu/Difflet/difflet/backends/trainium/core/application_base.py:879: UserWarning: Found torch.float32 weights in checkpoint: blocks.3.attn2.to_out.0.weight. Will convert to torch.bfloat16
  warnings.warn(
/home/ubuntu/Difflet/difflet/backends/trainium/core/application_base.py:879: UserWarning: Found torch.float32 weights in checkpoint: blocks.3.attn2.to_q.bias. Will convert to torch.bfloat16
  warnings.warn(
/home/ubuntu/Difflet/difflet/backends/trainium/core/application_base.py:879: UserWarning: Found torch.float32 weights in checkpoint: blocks.3.attn2.to_q.weight. Will convert to torch.bfloat16
  warnings.warn(
/home/ubuntu/Difflet/difflet/backends/trainium/core/application_base.py:879: UserWarning: Found torch.float32 weights in checkpoint: blocks.3.attn2.to_v.bias. Will convert to torch.bfloat16
  warnings.warn(
/home/ubuntu/Difflet/difflet/backends/trainium/core/application_base.py:879: UserWarning: Found torch.float32 weights in checkpoint: blocks.3.attn2.to_v.weight. Will convert to torch.bfloat16
  warnings.warn(
/home/ubuntu/Difflet/difflet/backends/trainium/core/application_base.py:879: UserWarning: Found torch.float32 weights in checkpoint: blocks.3.ffn.net_in.bias. Will convert to torch.bfloat16
  warnings.warn(
/home/ubuntu/Difflet/difflet/backends/trainium/core/application_base.py:879: UserWarning: Found torch.float32 weights in checkpoint: blocks.3.ffn.net_in.weight. Will convert to torch.bfloat16
  warnings.warn(
/home/ubuntu/Difflet/difflet/backends/trainium/core/application_base.py:879: UserWarning: Found torch.float32 weights in checkpoint: blocks.3.ffn.net_out.bias. Will convert to torch.bfloat16
  warnings.warn(
/home/ubuntu/Difflet/difflet/backends/trainium/core/application_base.py:879: UserWarning: Found torch.float32 weights in checkpoint: blocks.3.ffn.net_out.weight. Will convert to torch.bfloat16
  warnings.warn(
/home/ubuntu/Difflet/difflet/backends/trainium/core/application_base.py:879: UserWarning: Found torch.float32 weights in checkpoint: blocks.3.norm2.bias. Will convert to torch.bfloat16
  warnings.warn(
/home/ubuntu/Difflet/difflet/backends/trainium/core/application_base.py:879: UserWarning: Found torch.float32 weights in checkpoint: blocks.3.norm2.weight. Will convert to torch.bfloat16
  warnings.warn(
/home/ubuntu/Difflet/difflet/backends/trainium/core/application_base.py:879: UserWarning: Found torch.float32 weights in checkpoint: blocks.3.scale_shift_table. Will convert to torch.bfloat16
  warnings.warn(
/home/ubuntu/Difflet/difflet/backends/trainium/core/application_base.py:879: UserWarning: Found torch.float32 weights in checkpoint: blocks.4.attn1.norm_k.weight. Will convert to torch.bfloat16
  warnings.warn(
/home/ubuntu/Difflet/difflet/backends/trainium/core/application_base.py:879: UserWarning: Found torch.float32 weights in checkpoint: blocks.4.attn1.norm_q.weight. Will convert to torch.bfloat16
  warnings.warn(
/home/ubuntu/Difflet/difflet/backends/trainium/core/application_base.py:879: UserWarning: Found torch.float32 weights in checkpoint: blocks.4.attn1.to_k.bias. Will convert to torch.bfloat16
  warnings.warn(
/home/ubuntu/Difflet/difflet/backends/trainium/core/application_base.py:879: UserWarning: Found torch.float32 weights in checkpoint: blocks.4.attn1.to_k.weight. Will convert to torch.bfloat16
  warnings.warn(
/home/ubuntu/Difflet/difflet/backends/trainium/core/application_base.py:879: UserWarning: Found torch.float32 weights in checkpoint: blocks.4.attn1.to_out.0.bias. Will convert to torch.bfloat16
  warnings.warn(
/home/ubuntu/Difflet/difflet/backends/trainium/core/application_base.py:879: UserWarning: Found torch.float32 weights in checkpoint: blocks.4.attn1.to_out.0.weight. Will convert to torch.bfloat16
  warnings.warn(
/home/ubuntu/Difflet/difflet/backends/trainium/core/application_base.py:879: UserWarning: Found torch.float32 weights in checkpoint: blocks.4.attn1.to_q.bias. Will convert to torch.bfloat16
  warnings.warn(
/home/ubuntu/Difflet/difflet/backends/trainium/core/application_base.py:879: UserWarning: Found torch.float32 weights in checkpoint: blocks.4.attn1.to_q.weight. Will convert to torch.bfloat16
  warnings.warn(
/home/ubuntu/Difflet/difflet/backends/trainium/core/application_base.py:879: UserWarning: Found torch.float32 weights in checkpoint: blocks.4.attn1.to_v.bias. Will convert to torch.bfloat16
  warnings.warn(
/home/ubuntu/Difflet/difflet/backends/trainium/core/application_base.py:879: UserWarning: Found torch.float32 weights in checkpoint: blocks.4.attn1.to_v.weight. Will convert to torch.bfloat16
  warnings.warn(
/home/ubuntu/Difflet/difflet/backends/trainium/core/application_base.py:879: UserWarning: Found torch.float32 weights in checkpoint: blocks.4.attn2.norm_k.weight. Will convert to torch.bfloat16
  warnings.warn(
/home/ubuntu/Difflet/difflet/backends/trainium/core/application_base.py:879: UserWarning: Found torch.float32 weights in checkpoint: blocks.4.attn2.norm_q.weight. Will convert to torch.bfloat16
  warnings.warn(
/home/ubuntu/Difflet/difflet/backends/trainium/core/application_base.py:879: UserWarning: Found torch.float32 weights in checkpoint: blocks.4.attn2.to_k.bias. Will convert to torch.bfloat16
  warnings.warn(
/home/ubuntu/Difflet/difflet/backends/trainium/core/application_base.py:879: UserWarning: Found torch.float32 weights in checkpoint: blocks.4.attn2.to_k.weight. Will convert to torch.bfloat16
  warnings.warn(
/home/ubuntu/Difflet/difflet/backends/trainium/core/application_base.py:879: UserWarning: Found torch.float32 weights in checkpoint: blocks.4.attn2.to_out.0.bias. Will convert to torch.bfloat16
  warnings.warn(
/home/ubuntu/Difflet/difflet/backends/trainium/core/application_base.py:879: UserWarning: Found torch.float32 weights in checkpoint: blocks.4.attn2.to_out.0.weight. Will convert to torch.bfloat16
  warnings.warn(
/home/ubuntu/Difflet/difflet/backends/trainium/core/application_base.py:879: UserWarning: Found torch.float32 weights in checkpoint: blocks.4.attn2.to_q.bias. Will convert to torch.bfloat16
  warnings.warn(
/home/ubuntu/Difflet/difflet/backends/trainium/core/application_base.py:879: UserWarning: Found torch.float32 weights in checkpoint: blocks.4.attn2.to_q.weight. Will convert to torch.bfloat16
  warnings.warn(
/home/ubuntu/Difflet/difflet/backends/trainium/core/application_base.py:879: UserWarning: Found torch.float32 weights in checkpoint: blocks.4.attn2.to_v.bias. Will convert to torch.bfloat16
  warnings.warn(
/home/ubuntu/Difflet/difflet/backends/trainium/core/application_base.py:879: UserWarning: Found torch.float32 weights in checkpoint: blocks.4.attn2.to_v.weight. Will convert to torch.bfloat16
  warnings.warn(
/home/ubuntu/Difflet/difflet/backends/trainium/core/application_base.py:879: UserWarning: Found torch.float32 weights in checkpoint: blocks.4.ffn.net_in.bias. Will convert to torch.bfloat16
  warnings.warn(
/home/ubuntu/Difflet/difflet/backends/trainium/core/application_base.py:879: UserWarning: Found torch.float32 weights in checkpoint: blocks.4.ffn.net_in.weight. Will convert to torch.bfloat16
  warnings.warn(
/home/ubuntu/Difflet/difflet/backends/trainium/core/application_base.py:879: UserWarning: Found torch.float32 weights in checkpoint: blocks.4.ffn.net_out.bias. Will convert to torch.bfloat16
  warnings.warn(
/home/ubuntu/Difflet/difflet/backends/trainium/core/application_base.py:879: UserWarning: Found torch.float32 weights in checkpoint: blocks.4.ffn.net_out.weight. Will convert to torch.bfloat16
  warnings.warn(
/home/ubuntu/Difflet/difflet/backends/trainium/core/application_base.py:879: UserWarning: Found torch.float32 weights in checkpoint: blocks.4.norm2.bias. Will convert to torch.bfloat16
  warnings.warn(
/home/ubuntu/Difflet/difflet/backends/trainium/core/application_base.py:879: UserWarning: Found torch.float32 weights in checkpoint: blocks.4.norm2.weight. Will convert to torch.bfloat16
  warnings.warn(
/home/ubuntu/Difflet/difflet/backends/trainium/core/application_base.py:879: UserWarning: Found torch.float32 weights in checkpoint: blocks.4.scale_shift_table. Will convert to torch.bfloat16
  warnings.warn(
/home/ubuntu/Difflet/difflet/backends/trainium/core/application_base.py:879: UserWarning: Found torch.float32 weights in checkpoint: blocks.5.attn1.norm_k.weight. Will convert to torch.bfloat16
  warnings.warn(
/home/ubuntu/Difflet/difflet/backends/trainium/core/application_base.py:879: UserWarning: Found torch.float32 weights in checkpoint: blocks.5.attn1.norm_q.weight. Will convert to torch.bfloat16
  warnings.warn(
/home/ubuntu/Difflet/difflet/backends/trainium/core/application_base.py:879: UserWarning: Found torch.float32 weights in checkpoint: blocks.5.attn1.to_k.bias. Will convert to torch.bfloat16
  warnings.warn(
/home/ubuntu/Difflet/difflet/backends/trainium/core/application_base.py:879: UserWarning: Found torch.float32 weights in checkpoint: blocks.5.attn1.to_k.weight. Will convert to torch.bfloat16
  warnings.warn(
/home/ubuntu/Difflet/difflet/backends/trainium/core/application_base.py:879: UserWarning: Found torch.float32 weights in checkpoint: blocks.5.attn1.to_out.0.bias. Will convert to torch.bfloat16
  warnings.warn(
/home/ubuntu/Difflet/difflet/backends/trainium/core/application_base.py:879: UserWarning: Found torch.float32 weights in checkpoint: blocks.5.attn1.to_out.0.weight. Will convert to torch.bfloat16
  warnings.warn(
/home/ubuntu/Difflet/difflet/backends/trainium/core/application_base.py:879: UserWarning: Found torch.float32 weights in checkpoint: blocks.5.attn1.to_q.bias. Will convert to torch.bfloat16
  warnings.warn(
/home/ubuntu/Difflet/difflet/backends/trainium/core/application_base.py:879: UserWarning: Found torch.float32 weights in checkpoint: blocks.5.attn1.to_q.weight. Will convert to torch.bfloat16
  warnings.warn(
/home/ubuntu/Difflet/difflet/backends/trainium/core/application_base.py:879: UserWarning: Found torch.float32 weights in checkpoint: blocks.5.attn1.to_v.bias. Will convert to torch.bfloat16
  warnings.warn(
/home/ubuntu/Difflet/difflet/backends/trainium/core/application_base.py:879: UserWarning: Found torch.float32 weights in checkpoint: blocks.5.attn1.to_v.weight. Will convert to torch.bfloat16
  warnings.warn(
/home/ubuntu/Difflet/difflet/backends/trainium/core/application_base.py:879: UserWarning: Found torch.float32 weights in checkpoint: blocks.5.attn2.norm_k.weight. Will convert to torch.bfloat16
  warnings.warn(
/home/ubuntu/Difflet/difflet/backends/trainium/core/application_base.py:879: UserWarning: Found torch.float32 weights in checkpoint: blocks.5.attn2.norm_q.weight. Will convert to torch.bfloat16
  warnings.warn(
/home/ubuntu/Difflet/difflet/backends/trainium/core/application_base.py:879: UserWarning: Found torch.float32 weights in checkpoint: blocks.5.attn2.to_k.bias. Will convert to torch.bfloat16
  warnings.warn(
/home/ubuntu/Difflet/difflet/backends/trainium/core/application_base.py:879: UserWarning: Found torch.float32 weights in checkpoint: blocks.5.attn2.to_k.weight. Will convert to torch.bfloat16
  warnings.warn(
/home/ubuntu/Difflet/difflet/backends/trainium/core/application_base.py:879: UserWarning: Found torch.float32 weights in checkpoint: blocks.5.attn2.to_out.0.bias. Will convert to torch.bfloat16
  warnings.warn(
/home/ubuntu/Difflet/difflet/backends/trainium/core/application_base.py:879: UserWarning: Found torch.float32 weights in checkpoint: blocks.5.attn2.to_out.0.weight. Will convert to torch.bfloat16
  warnings.warn(
/home/ubuntu/Difflet/difflet/backends/trainium/core/application_base.py:879: UserWarning: Found torch.float32 weights in checkpoint: blocks.5.attn2.to_q.bias. Will convert to torch.bfloat16
  warnings.warn(
/home/ubuntu/Difflet/difflet/backends/trainium/core/application_base.py:879: UserWarning: Found torch.float32 weights in checkpoint: blocks.5.attn2.to_q.weight. Will convert to torch.bfloat16
  warnings.warn(
/home/ubuntu/Difflet/difflet/backends/trainium/core/application_base.py:879: UserWarning: Found torch.float32 weights in checkpoint: blocks.5.attn2.to_v.bias. Will convert to torch.bfloat16
  warnings.warn(
/home/ubuntu/Difflet/difflet/backends/trainium/core/application_base.py:879: UserWarning: Found torch.float32 weights in checkpoint: blocks.5.attn2.to_v.weight. Will convert to torch.bfloat16
  warnings.warn(
/home/ubuntu/Difflet/difflet/backends/trainium/core/application_base.py:879: UserWarning: Found torch.float32 weights in checkpoint: blocks.5.ffn.net_in.bias. Will convert to torch.bfloat16
  warnings.warn(
/home/ubuntu/Difflet/difflet/backends/trainium/core/application_base.py:879: UserWarning: Found torch.float32 weights in checkpoint: blocks.5.ffn.net_in.weight. Will convert to torch.bfloat16
  warnings.warn(
/home/ubuntu/Difflet/difflet/backends/trainium/core/application_base.py:879: UserWarning: Found torch.float32 weights in checkpoint: blocks.5.ffn.net_out.bias. Will convert to torch.bfloat16
  warnings.warn(
/home/ubuntu/Difflet/difflet/backends/trainium/core/application_base.py:879: UserWarning: Found torch.float32 weights in checkpoint: blocks.5.ffn.net_out.weight. Will convert to torch.bfloat16
  warnings.warn(
/home/ubuntu/Difflet/difflet/backends/trainium/core/application_base.py:879: UserWarning: Found torch.float32 weights in checkpoint: blocks.5.norm2.bias. Will convert to torch.bfloat16
  warnings.warn(
/home/ubuntu/Difflet/difflet/backends/trainium/core/application_base.py:879: UserWarning: Found torch.float32 weights in checkpoint: blocks.5.norm2.weight. Will convert to torch.bfloat16
  warnings.warn(
/home/ubuntu/Difflet/difflet/backends/trainium/core/application_base.py:879: UserWarning: Found torch.float32 weights in checkpoint: blocks.5.scale_shift_table. Will convert to torch.bfloat16
  warnings.warn(
/home/ubuntu/Difflet/difflet/backends/trainium/core/application_base.py:879: UserWarning: Found torch.float32 weights in checkpoint: blocks.6.attn1.norm_k.weight. Will convert to torch.bfloat16
  warnings.warn(
/home/ubuntu/Difflet/difflet/backends/trainium/core/application_base.py:879: UserWarning: Found torch.float32 weights in checkpoint: blocks.6.attn1.norm_q.weight. Will convert to torch.bfloat16
  warnings.warn(
/home/ubuntu/Difflet/difflet/backends/trainium/core/application_base.py:879: UserWarning: Found torch.float32 weights in checkpoint: blocks.6.attn1.to_k.bias. Will convert to torch.bfloat16
  warnings.warn(
/home/ubuntu/Difflet/difflet/backends/trainium/core/application_base.py:879: UserWarning: Found torch.float32 weights in checkpoint: blocks.6.attn1.to_k.weight. Will convert to torch.bfloat16
  warnings.warn(
/home/ubuntu/Difflet/difflet/backends/trainium/core/application_base.py:879: UserWarning: Found torch.float32 weights in checkpoint: blocks.6.attn1.to_out.0.bias. Will convert to torch.bfloat16
  warnings.warn(
/home/ubuntu/Difflet/difflet/backends/trainium/core/application_base.py:879: UserWarning: Found torch.float32 weights in checkpoint: blocks.6.attn1.to_out.0.weight. Will convert to torch.bfloat16
  warnings.warn(
/home/ubuntu/Difflet/difflet/backends/trainium/core/application_base.py:879: UserWarning: Found torch.float32 weights in checkpoint: blocks.6.attn1.to_q.bias. Will convert to torch.bfloat16
  warnings.warn(
/home/ubuntu/Difflet/difflet/backends/trainium/core/application_base.py:879: UserWarning: Found torch.float32 weights in checkpoint: blocks.6.attn1.to_q.weight. Will convert to torch.bfloat16
  warnings.warn(
/home/ubuntu/Difflet/difflet/backends/trainium/core/application_base.py:879: UserWarning: Found torch.float32 weights in checkpoint: blocks.6.attn1.to_v.bias. Will convert to torch.bfloat16
  warnings.warn(
/home/ubuntu/Difflet/difflet/backends/trainium/core/application_base.py:879: UserWarning: Found torch.float32 weights in checkpoint: blocks.6.attn1.to_v.weight. Will convert to torch.bfloat16
  warnings.warn(
/home/ubuntu/Difflet/difflet/backends/trainium/core/application_base.py:879: UserWarning: Found torch.float32 weights in checkpoint: blocks.6.attn2.norm_k.weight. Will convert to torch.bfloat16
  warnings.warn(
/home/ubuntu/Difflet/difflet/backends/trainium/core/application_base.py:879: UserWarning: Found torch.float32 weights in checkpoint: blocks.6.attn2.norm_q.weight. Will convert to torch.bfloat16
  warnings.warn(
/home/ubuntu/Difflet/difflet/backends/trainium/core/application_base.py:879: UserWarning: Found torch.float32 weights in checkpoint: blocks.6.scale_shift_table. Will convert to torch.bfloat16
  warnings.warn(
/home/ubuntu/Difflet/difflet/backends/trainium/core/application_base.py:879: UserWarning: Found torch.float32 weights in checkpoint: blocks.37.ffn.net_out.bias. Will convert to torch.bfloat16
  warnings.warn(
/home/ubuntu/Difflet/difflet/backends/trainium/core/application_base.py:879: UserWarning: Found torch.float32 weights in checkpoint: blocks.37.ffn.net_out.weight. Will convert to torch.bfloat16
  warnings.warn(
/home/ubuntu/Difflet/difflet/backends/trainium/core/application_base.py:879: UserWarning: Found torch.float32 weights in checkpoint: blocks.38.attn1.norm_k.weight. Will convert to torch.bfloat16
  warnings.warn(
/home/ubuntu/Difflet/difflet/backends/trainium/core/application_base.py:879: UserWarning: Found torch.float32 weights in checkpoint: blocks.38.attn1.norm_q.weight. Will convert to torch.bfloat16
  warnings.warn(
/home/ubuntu/Difflet/difflet/backends/trainium/core/application_base.py:879: UserWarning: Found torch.float32 weights in checkpoint: blocks.38.attn1.to_k.bias. Will convert to torch.bfloat16
  warnings.warn(
/home/ubuntu/Difflet/difflet/backends/trainium/core/application_base.py:879: UserWarning: Found torch.float32 weights in checkpoint: blocks.38.attn1.to_k.weight. Will convert to torch.bfloat16
  warnings.warn(
/home/ubuntu/Difflet/difflet/backends/trainium/core/application_base.py:879: UserWarning: Found torch.float32 weights in checkpoint: blocks.38.attn1.to_out.0.bias. Will convert to torch.bfloat16
  warnings.warn(
/home/ubuntu/Difflet/difflet/backends/trainium/core/application_base.py:879: UserWarning: Found torch.float32 weights in checkpoint: blocks.38.attn1.to_out.0.weight. Will convert to torch.bfloat16
  warnings.warn(
/home/ubuntu/Difflet/difflet/backends/trainium/core/application_base.py:879: UserWarning: Found torch.float32 weights in checkpoint: blocks.38.attn1.to_q.bias. Will convert to torch.bfloat16
  warnings.warn(
/home/ubuntu/Difflet/difflet/backends/trainium/core/application_base.py:879: UserWarning: Found torch.float32 weights in checkpoint: blocks.38.attn1.to_q.weight. Will convert to torch.bfloat16
  warnings.warn(
/home/ubuntu/Difflet/difflet/backends/trainium/core/application_base.py:879: UserWarning: Found torch.float32 weights in checkpoint: blocks.38.attn1.to_v.bias. Will convert to torch.bfloat16
  warnings.warn(
/home/ubuntu/Difflet/difflet/backends/trainium/core/application_base.py:879: UserWarning: Found torch.float32 weights in checkpoint: blocks.38.attn1.to_v.weight. Will convert to torch.bfloat16
  warnings.warn(
/home/ubuntu/Difflet/difflet/backends/trainium/core/application_base.py:879: UserWarning: Found torch.float32 weights in checkpoint: blocks.38.attn2.norm_k.weight. Will convert to torch.bfloat16
  warnings.warn(
/home/ubuntu/Difflet/difflet/backends/trainium/core/application_base.py:879: UserWarning: Found torch.float32 weights in checkpoint: blocks.38.attn2.norm_q.weight. Will convert to torch.bfloat16
  warnings.warn(
/home/ubuntu/Difflet/difflet/backends/trainium/core/application_base.py:879: UserWarning: Found torch.float32 weights in checkpoint: blocks.38.attn2.to_k.bias. Will convert to torch.bfloat16
  warnings.warn(
/home/ubuntu/Difflet/difflet/backends/trainium/core/application_base.py:879: UserWarning: Found torch.float32 weights in checkpoint: blocks.38.attn2.to_k.weight. Will convert to torch.bfloat16
  warnings.warn(
/home/ubuntu/Difflet/difflet/backends/trainium/core/application_base.py:879: UserWarning: Found torch.float32 weights in checkpoint: blocks.38.attn2.to_out.0.bias. Will convert to torch.bfloat16
  warnings.warn(
/home/ubuntu/Difflet/difflet/backends/trainium/core/application_base.py:879: UserWarning: Found torch.float32 weights in checkpoint: blocks.38.attn2.to_out.0.weight. Will convert to torch.bfloat16
  warnings.warn(
/home/ubuntu/Difflet/difflet/backends/trainium/core/application_base.py:879: UserWarning: Found torch.float32 weights in checkpoint: blocks.38.attn2.to_q.bias. Will convert to torch.bfloat16
  warnings.warn(
/home/ubuntu/Difflet/difflet/backends/trainium/core/application_base.py:879: UserWarning: Found torch.float32 weights in checkpoint: blocks.38.attn2.to_q.weight. Will convert to torch.bfloat16
  warnings.warn(
/home/ubuntu/Difflet/difflet/backends/trainium/core/application_base.py:879: UserWarning: Found torch.float32 weights in checkpoint: blocks.38.attn2.to_v.bias. Will convert to torch.bfloat16
  warnings.warn(
/home/ubuntu/Difflet/difflet/backends/trainium/core/application_base.py:879: UserWarning: Found torch.float32 weights in checkpoint: blocks.38.attn2.to_v.weight. Will convert to torch.bfloat16
  warnings.warn(
/home/ubuntu/Difflet/difflet/backends/trainium/core/application_base.py:879: UserWarning: Found torch.float32 weights in checkpoint: blocks.38.ffn.net_in.bias. Will convert to torch.bfloat16
  warnings.warn(
/home/ubuntu/Difflet/difflet/backends/trainium/core/application_base.py:879: UserWarning: Found torch.float32 weights in checkpoint: blocks.38.ffn.net_in.weight. Will convert to torch.bfloat16
  warnings.warn(
/home/ubuntu/Difflet/difflet/backends/trainium/core/application_base.py:879: UserWarning: Found torch.float32 weights in checkpoint: blocks.38.ffn.net_out.bias. Will convert to torch.bfloat16
  warnings.warn(
/home/ubuntu/Difflet/difflet/backends/trainium/core/application_base.py:879: UserWarning: Found torch.float32 weights in checkpoint: blocks.38.ffn.net_out.weight. Will convert to torch.bfloat16
  warnings.warn(
/home/ubuntu/Difflet/difflet/backends/trainium/core/application_base.py:879: UserWarning: Found torch.float32 weights in checkpoint: blocks.38.norm2.bias. Will convert to torch.bfloat16
  warnings.warn(
/home/ubuntu/Difflet/difflet/backends/trainium/core/application_base.py:879: UserWarning: Found torch.float32 weights in checkpoint: blocks.38.norm2.weight. Will convert to torch.bfloat16
  warnings.warn(
/home/ubuntu/Difflet/difflet/backends/trainium/core/application_base.py:879: UserWarning: Found torch.float32 weights in checkpoint: blocks.38.scale_shift_table. Will convert to torch.bfloat16
  warnings.warn(
/home/ubuntu/Difflet/difflet/backends/trainium/core/application_base.py:879: UserWarning: Found torch.float32 weights in checkpoint: blocks.39.attn1.norm_k.weight. Will convert to torch.bfloat16
  warnings.warn(
/home/ubuntu/Difflet/difflet/backends/trainium/core/application_base.py:879: UserWarning: Found torch.float32 weights in checkpoint: blocks.39.attn1.norm_q.weight. Will convert to torch.bfloat16
  warnings.warn(
/home/ubuntu/Difflet/difflet/backends/trainium/core/application_base.py:879: UserWarning: Found torch.float32 weights in checkpoint: blocks.39.attn1.to_k.bias. Will convert to torch.bfloat16
  warnings.warn(
/home/ubuntu/Difflet/difflet/backends/trainium/core/application_base.py:879: UserWarning: Found torch.float32 weights in checkpoint: blocks.39.attn1.to_k.weight. Will convert to torch.bfloat16
  warnings.warn(
/home/ubuntu/Difflet/difflet/backends/trainium/core/application_base.py:879: UserWarning: Found torch.float32 weights in checkpoint: blocks.39.attn1.to_out.0.bias. Will convert to torch.bfloat16
  warnings.warn(
/home/ubuntu/Difflet/difflet/backends/trainium/core/application_base.py:879: UserWarning: Found torch.float32 weights in checkpoint: blocks.39.attn1.to_out.0.weight. Will convert to torch.bfloat16
  warnings.warn(
/home/ubuntu/Difflet/difflet/backends/trainium/core/application_base.py:879: UserWarning: Found torch.float32 weights in checkpoint: blocks.39.attn1.to_q.bias. Will convert to torch.bfloat16
  warnings.warn(
/home/ubuntu/Difflet/difflet/backends/trainium/core/application_base.py:879: UserWarning: Found torch.float32 weights in checkpoint: blocks.39.attn1.to_q.weight. Will convert to torch.bfloat16
  warnings.warn(
/home/ubuntu/Difflet/difflet/backends/trainium/core/application_base.py:879: UserWarning: Found torch.float32 weights in checkpoint: blocks.39.attn1.to_v.bias. Will convert to torch.bfloat16
  warnings.warn(
/home/ubuntu/Difflet/difflet/backends/trainium/core/application_base.py:879: UserWarning: Found torch.float32 weights in checkpoint: blocks.39.attn1.to_v.weight. Will convert to torch.bfloat16
  warnings.warn(
/home/ubuntu/Difflet/difflet/backends/trainium/core/application_base.py:879: UserWarning: Found torch.float32 weights in checkpoint: blocks.39.attn2.norm_k.weight. Will convert to torch.bfloat16
  warnings.warn(
/home/ubuntu/Difflet/difflet/backends/trainium/core/application_base.py:879: UserWarning: Found torch.float32 weights in checkpoint: blocks.39.attn2.norm_q.weight. Will convert to torch.bfloat16
  warnings.warn(
/home/ubuntu/Difflet/difflet/backends/trainium/core/application_base.py:879: UserWarning: Found torch.float32 weights in checkpoint: blocks.39.attn2.to_k.bias. Will convert to torch.bfloat16
  warnings.warn(
/home/ubuntu/Difflet/difflet/backends/trainium/core/application_base.py:879: UserWarning: Found torch.float32 weights in checkpoint: blocks.39.attn2.to_k.weight. Will convert to torch.bfloat16
  warnings.warn(
/home/ubuntu/Difflet/difflet/backends/trainium/core/application_base.py:879: UserWarning: Found torch.float32 weights in checkpoint: blocks.39.attn2.to_out.0.bias. Will convert to torch.bfloat16
  warnings.warn(
/home/ubuntu/Difflet/difflet/backends/trainium/core/application_base.py:879: UserWarning: Found torch.float32 weights in checkpoint: blocks.39.attn2.to_out.0.weight. Will convert to torch.bfloat16
  warnings.warn(
/home/ubuntu/Difflet/difflet/backends/trainium/core/application_base.py:879: UserWarning: Found torch.float32 weights in checkpoint: blocks.39.attn2.to_q.bias. Will convert to torch.bfloat16
  warnings.warn(
/home/ubuntu/Difflet/difflet/backends/trainium/core/application_base.py:879: UserWarning: Found torch.float32 weights in checkpoint: blocks.39.attn2.to_q.weight. Will convert to torch.bfloat16
  warnings.warn(
/home/ubuntu/Difflet/difflet/backends/trainium/core/application_base.py:879: UserWarning: Found torch.float32 weights in checkpoint: blocks.39.attn2.to_v.bias. Will convert to torch.bfloat16
  warnings.warn(
/home/ubuntu/Difflet/difflet/backends/trainium/core/application_base.py:879: UserWarning: Found torch.float32 weights in checkpoint: blocks.39.attn2.to_v.weight. Will convert to torch.bfloat16
  warnings.warn(
/home/ubuntu/Difflet/difflet/backends/trainium/core/application_base.py:879: UserWarning: Found torch.float32 weights in checkpoint: blocks.39.ffn.net_in.bias. Will convert to torch.bfloat16
  warnings.warn(
/home/ubuntu/Difflet/difflet/backends/trainium/core/application_base.py:879: UserWarning: Found torch.float32 weights in checkpoint: blocks.39.ffn.net_in.weight. Will convert to torch.bfloat16
  warnings.warn(
/home/ubuntu/Difflet/difflet/backends/trainium/core/application_base.py:879: UserWarning: Found torch.float32 weights in checkpoint: blocks.39.ffn.net_out.bias. Will convert to torch.bfloat16
  warnings.warn(
/home/ubuntu/Difflet/difflet/backends/trainium/core/application_base.py:879: UserWarning: Found torch.float32 weights in checkpoint: blocks.39.ffn.net_out.weight. Will convert to torch.bfloat16
  warnings.warn(
/home/ubuntu/Difflet/difflet/backends/trainium/core/application_base.py:879: UserWarning: Found torch.float32 weights in checkpoint: blocks.39.norm2.bias. Will convert to torch.bfloat16
  warnings.warn(
/home/ubuntu/Difflet/difflet/backends/trainium/core/application_base.py:879: UserWarning: Found torch.float32 weights in checkpoint: blocks.39.norm2.weight. Will convert to torch.bfloat16
  warnings.warn(
/home/ubuntu/Difflet/difflet/backends/trainium/core/application_base.py:879: UserWarning: Found torch.float32 weights in checkpoint: blocks.39.scale_shift_table. Will convert to torch.bfloat16
  warnings.warn(
/home/ubuntu/Difflet/difflet/backends/trainium/core/application_base.py:879: UserWarning: Found torch.float32 weights in checkpoint: proj_out.bias. Will convert to torch.bfloat16
  warnings.warn(
/home/ubuntu/Difflet/difflet/backends/trainium/core/application_base.py:879: UserWarning: Found torch.float32 weights in checkpoint: proj_out.weight. Will convert to torch.bfloat16
  warnings.warn(
/home/ubuntu/Difflet/difflet/backends/trainium/core/application_base.py:879: UserWarning: Found torch.float32 weights in checkpoint: blocks.20.attn2.to_k.bias. Will convert to torch.bfloat16
  warnings.warn(
/home/ubuntu/Difflet/difflet/backends/trainium/core/application_base.py:879: UserWarning: Found torch.float32 weights in checkpoint: blocks.20.attn2.to_k.weight. Will convert to torch.bfloat16
  warnings.warn(
/home/ubuntu/Difflet/difflet/backends/trainium/core/application_base.py:879: UserWarning: Found torch.float32 weights in checkpoint: blocks.20.attn2.to_out.0.bias. Will convert to torch.bfloat16
  warnings.warn(
/home/ubuntu/Difflet/difflet/backends/trainium/core/application_base.py:879: UserWarning: Found torch.float32 weights in checkpoint: blocks.20.attn2.to_out.0.weight. Will convert to torch.bfloat16
  warnings.warn(
/home/ubuntu/Difflet/difflet/backends/trainium/core/application_base.py:879: UserWarning: Found torch.float32 weights in checkpoint: blocks.20.attn2.to_q.bias. Will convert to torch.bfloat16
  warnings.warn(
/home/ubuntu/Difflet/difflet/backends/trainium/core/application_base.py:879: UserWarning: Found torch.float32 weights in checkpoint: blocks.20.attn2.to_q.weight. Will convert to torch.bfloat16
  warnings.warn(
/home/ubuntu/Difflet/difflet/backends/trainium/core/application_base.py:879: UserWarning: Found torch.float32 weights in checkpoint: blocks.20.attn2.to_v.bias. Will convert to torch.bfloat16
  warnings.warn(
/home/ubuntu/Difflet/difflet/backends/trainium/core/application_base.py:879: UserWarning: Found torch.float32 weights in checkpoint: blocks.20.attn2.to_v.weight. Will convert to torch.bfloat16
  warnings.warn(
/home/ubuntu/Difflet/difflet/backends/trainium/core/application_base.py:879: UserWarning: Found torch.float32 weights in checkpoint: blocks.20.ffn.net_in.bias. Will convert to torch.bfloat16
  warnings.warn(
/home/ubuntu/Difflet/difflet/backends/trainium/core/application_base.py:879: UserWarning: Found torch.float32 weights in checkpoint: blocks.20.ffn.net_in.weight. Will convert to torch.bfloat16
  warnings.warn(
/home/ubuntu/Difflet/difflet/backends/trainium/core/application_base.py:879: UserWarning: Found torch.float32 weights in checkpoint: blocks.20.ffn.net_out.bias. Will convert to torch.bfloat16
  warnings.warn(
/home/ubuntu/Difflet/difflet/backends/trainium/core/application_base.py:879: UserWarning: Found torch.float32 weights in checkpoint: blocks.20.ffn.net_out.weight. Will convert to torch.bfloat16
  warnings.warn(
/home/ubuntu/Difflet/difflet/backends/trainium/core/application_base.py:879: UserWarning: Found torch.float32 weights in checkpoint: blocks.20.norm2.bias. Will convert to torch.bfloat16
  warnings.warn(
/home/ubuntu/Difflet/difflet/backends/trainium/core/application_base.py:879: UserWarning: Found torch.float32 weights in checkpoint: blocks.20.norm2.weight. Will convert to torch.bfloat16
  warnings.warn(
/home/ubuntu/Difflet/difflet/backends/trainium/core/application_base.py:879: UserWarning: Found torch.float32 weights in checkpoint: blocks.21.attn1.norm_k.weight. Will convert to torch.bfloat16
  warnings.warn(
/home/ubuntu/Difflet/difflet/backends/trainium/core/application_base.py:879: UserWarning: Found torch.float32 weights in checkpoint: blocks.21.attn1.norm_q.weight. Will convert to torch.bfloat16
  warnings.warn(
/home/ubuntu/Difflet/difflet/backends/trainium/core/application_base.py:879: UserWarning: Found torch.float32 weights in checkpoint: blocks.21.attn1.to_k.bias. Will convert to torch.bfloat16
  warnings.warn(
/home/ubuntu/Difflet/difflet/backends/trainium/core/application_base.py:879: UserWarning: Found torch.float32 weights in checkpoint: blocks.21.attn1.to_k.weight. Will convert to torch.bfloat16
  warnings.warn(
/home/ubuntu/Difflet/difflet/backends/trainium/core/application_base.py:879: UserWarning: Found torch.float32 weights in checkpoint: blocks.21.attn1.to_out.0.bias. Will convert to torch.bfloat16
  warnings.warn(
/home/ubuntu/Difflet/difflet/backends/trainium/core/application_base.py:879: UserWarning: Found torch.float32 weights in checkpoint: blocks.21.attn1.to_out.0.weight. Will convert to torch.bfloat16
  warnings.warn(
/home/ubuntu/Difflet/difflet/backends/trainium/core/application_base.py:879: UserWarning: Found torch.float32 weights in checkpoint: blocks.21.attn1.to_q.bias. Will convert to torch.bfloat16
  warnings.warn(
/home/ubuntu/Difflet/difflet/backends/trainium/core/application_base.py:879: UserWarning: Found torch.float32 weights in checkpoint: blocks.21.attn1.to_q.weight. Will convert to torch.bfloat16
  warnings.warn(
/home/ubuntu/Difflet/difflet/backends/trainium/core/application_base.py:879: UserWarning: Found torch.float32 weights in checkpoint: blocks.21.attn1.to_v.bias. Will convert to torch.bfloat16
  warnings.warn(
/home/ubuntu/Difflet/difflet/backends/trainium/core/application_base.py:879: UserWarning: Found torch.float32 weights in checkpoint: blocks.21.attn1.to_v.weight. Will convert to torch.bfloat16
  warnings.warn(
/home/ubuntu/Difflet/difflet/backends/trainium/core/application_base.py:879: UserWarning: Found torch.float32 weights in checkpoint: blocks.21.attn2.norm_k.weight. Will convert to torch.bfloat16
  warnings.warn(
/home/ubuntu/Difflet/difflet/backends/trainium/core/application_base.py:879: UserWarning: Found torch.float32 weights in checkpoint: blocks.21.attn2.norm_q.weight. Will convert to torch.bfloat16
  warnings.warn(
/home/ubuntu/Difflet/difflet/backends/trainium/core/application_base.py:879: UserWarning: Found torch.float32 weights in checkpoint: blocks.21.attn2.to_k.bias. Will convert to torch.bfloat16
  warnings.warn(
/home/ubuntu/Difflet/difflet/backends/trainium/core/application_base.py:879: UserWarning: Found torch.float32 weights in checkpoint: blocks.21.attn2.to_k.weight. Will convert to torch.bfloat16
  warnings.warn(
/home/ubuntu/Difflet/difflet/backends/trainium/core/application_base.py:879: UserWarning: Found torch.float32 weights in checkpoint: blocks.21.attn2.to_out.0.bias. Will convert to torch.bfloat16
  warnings.warn(
/home/ubuntu/Difflet/difflet/backends/trainium/core/application_base.py:879: UserWarning: Found torch.float32 weights in checkpoint: blocks.21.attn2.to_out.0.weight. Will convert to torch.bfloat16
  warnings.warn(
/home/ubuntu/Difflet/difflet/backends/trainium/core/application_base.py:879: UserWarning: Found torch.float32 weights in checkpoint: blocks.21.attn2.to_q.bias. Will convert to torch.bfloat16
  warnings.warn(
/home/ubuntu/Difflet/difflet/backends/trainium/core/application_base.py:879: UserWarning: Found torch.float32 weights in checkpoint: blocks.21.attn2.to_q.weight. Will convert to torch.bfloat16
  warnings.warn(
/home/ubuntu/Difflet/difflet/backends/trainium/core/application_base.py:879: UserWarning: Found torch.float32 weights in checkpoint: blocks.21.attn2.to_v.bias. Will convert to torch.bfloat16
  warnings.warn(
/home/ubuntu/Difflet/difflet/backends/trainium/core/application_base.py:879: UserWarning: Found torch.float32 weights in checkpoint: blocks.21.attn2.to_v.weight. Will convert to torch.bfloat16
  warnings.warn(
/home/ubuntu/Difflet/difflet/backends/trainium/core/application_base.py:879: UserWarning: Found torch.float32 weights in checkpoint: blocks.21.ffn.net_in.bias. Will convert to torch.bfloat16
  warnings.warn(
/home/ubuntu/Difflet/difflet/backends/trainium/core/application_base.py:879: UserWarning: Found torch.float32 weights in checkpoint: blocks.21.ffn.net_in.weight. Will convert to torch.bfloat16
  warnings.warn(
/home/ubuntu/Difflet/difflet/backends/trainium/core/application_base.py:879: UserWarning: Found torch.float32 weights in checkpoint: blocks.21.ffn.net_out.bias. Will convert to torch.bfloat16
  warnings.warn(
/home/ubuntu/Difflet/difflet/backends/trainium/core/application_base.py:879: UserWarning: Found torch.float32 weights in checkpoint: blocks.21.ffn.net_out.weight. Will convert to torch.bfloat16
  warnings.warn(
/home/ubuntu/Difflet/difflet/backends/trainium/core/application_base.py:879: UserWarning: Found torch.float32 weights in checkpoint: blocks.21.norm2.bias. Will convert to torch.bfloat16
  warnings.warn(
/home/ubuntu/Difflet/difflet/backends/trainium/core/application_base.py:879: UserWarning: Found torch.float32 weights in checkpoint: blocks.21.norm2.weight. Will convert to torch.bfloat16
  warnings.warn(
/home/ubuntu/Difflet/difflet/backends/trainium/core/application_base.py:879: UserWarning: Found torch.float32 weights in checkpoint: blocks.21.scale_shift_table. Will convert to torch.bfloat16
  warnings.warn(
/home/ubuntu/Difflet/difflet/backends/trainium/core/application_base.py:879: UserWarning: Found torch.float32 weights in checkpoint: blocks.22.attn1.norm_k.weight. Will convert to torch.bfloat16
  warnings.warn(
/home/ubuntu/Difflet/difflet/backends/trainium/core/application_base.py:879: UserWarning: Found torch.float32 weights in checkpoint: blocks.22.attn1.norm_q.weight. Will convert to torch.bfloat16
  warnings.warn(
/home/ubuntu/Difflet/difflet/backends/trainium/core/application_base.py:879: UserWarning: Found torch.float32 weights in checkpoint: blocks.22.attn1.to_k.bias. Will convert to torch.bfloat16
  warnings.warn(
/home/ubuntu/Difflet/difflet/backends/trainium/core/application_base.py:879: UserWarning: Found torch.float32 weights in checkpoint: blocks.22.attn1.to_k.weight. Will convert to torch.bfloat16
  warnings.warn(
/home/ubuntu/Difflet/difflet/backends/trainium/core/application_base.py:879: UserWarning: Found torch.float32 weights in checkpoint: blocks.22.attn1.to_out.0.bias. Will convert to torch.bfloat16
  warnings.warn(
/home/ubuntu/Difflet/difflet/backends/trainium/core/application_base.py:879: UserWarning: Found torch.float32 weights in checkpoint: blocks.22.attn1.to_out.0.weight. Will convert to torch.bfloat16
  warnings.warn(
/home/ubuntu/Difflet/difflet/backends/trainium/core/application_base.py:879: UserWarning: Found torch.float32 weights in checkpoint: blocks.22.attn1.to_q.bias. Will convert to torch.bfloat16
  warnings.warn(
/home/ubuntu/Difflet/difflet/backends/trainium/core/application_base.py:879: UserWarning: Found torch.float32 weights in checkpoint: blocks.22.attn1.to_q.weight. Will convert to torch.bfloat16
  warnings.warn(
/home/ubuntu/Difflet/difflet/backends/trainium/core/application_base.py:879: UserWarning: Found torch.float32 weights in checkpoint: blocks.22.attn1.to_v.bias. Will convert to torch.bfloat16
  warnings.warn(
/home/ubuntu/Difflet/difflet/backends/trainium/core/application_base.py:879: UserWarning: Found torch.float32 weights in checkpoint: blocks.22.attn1.to_v.weight. Will convert to torch.bfloat16
  warnings.warn(
/home/ubuntu/Difflet/difflet/backends/trainium/core/application_base.py:879: UserWarning: Found torch.float32 weights in checkpoint: blocks.22.attn2.norm_k.weight. Will convert to torch.bfloat16
  warnings.warn(
/home/ubuntu/Difflet/difflet/backends/trainium/core/application_base.py:879: UserWarning: Found torch.float32 weights in checkpoint: blocks.22.attn2.norm_q.weight. Will convert to torch.bfloat16
  warnings.warn(
/home/ubuntu/Difflet/difflet/backends/trainium/core/application_base.py:879: UserWarning: Found torch.float32 weights in checkpoint: blocks.22.attn2.to_k.bias. Will convert to torch.bfloat16
  warnings.warn(
/home/ubuntu/Difflet/difflet/backends/trainium/core/application_base.py:879: UserWarning: Found torch.float32 weights in checkpoint: blocks.22.attn2.to_k.weight. Will convert to torch.bfloat16
  warnings.warn(
/home/ubuntu/Difflet/difflet/backends/trainium/core/application_base.py:879: UserWarning: Found torch.float32 weights in checkpoint: blocks.22.attn2.to_out.0.bias. Will convert to torch.bfloat16
  warnings.warn(
/home/ubuntu/Difflet/difflet/backends/trainium/core/application_base.py:879: UserWarning: Found torch.float32 weights in checkpoint: blocks.22.attn2.to_out.0.weight. Will convert to torch.bfloat16
  warnings.warn(
/home/ubuntu/Difflet/difflet/backends/trainium/core/application_base.py:879: UserWarning: Found torch.float32 weights in checkpoint: blocks.22.attn2.to_q.bias. Will convert to torch.bfloat16
  warnings.warn(
/home/ubuntu/Difflet/difflet/backends/trainium/core/application_base.py:879: UserWarning: Found torch.float32 weights in checkpoint: blocks.22.attn2.to_q.weight. Will convert to torch.bfloat16
  warnings.warn(
/home/ubuntu/Difflet/difflet/backends/trainium/core/application_base.py:879: UserWarning: Found torch.float32 weights in checkpoint: blocks.22.attn2.to_v.bias. Will convert to torch.bfloat16
  warnings.warn(
/home/ubuntu/Difflet/difflet/backends/trainium/core/application_base.py:879: UserWarning: Found torch.float32 weights in checkpoint: blocks.22.attn2.to_v.weight. Will convert to torch.bfloat16
  warnings.warn(
/home/ubuntu/Difflet/difflet/backends/trainium/core/application_base.py:879: UserWarning: Found torch.float32 weights in checkpoint: blocks.22.ffn.net_in.bias. Will convert to torch.bfloat16
  warnings.warn(
/home/ubuntu/Difflet/difflet/backends/trainium/core/application_base.py:879: UserWarning: Found torch.float32 weights in checkpoint: blocks.22.ffn.net_in.weight. Will convert to torch.bfloat16
  warnings.warn(
/home/ubuntu/Difflet/difflet/backends/trainium/core/application_base.py:879: UserWarning: Found torch.float32 weights in checkpoint: blocks.22.ffn.net_out.bias. Will convert to torch.bfloat16
  warnings.warn(
/home/ubuntu/Difflet/difflet/backends/trainium/core/application_base.py:879: UserWarning: Found torch.float32 weights in checkpoint: blocks.22.ffn.net_out.weight. Will convert to torch.bfloat16
  warnings.warn(
/home/ubuntu/Difflet/difflet/backends/trainium/core/application_base.py:879: UserWarning: Found torch.float32 weights in checkpoint: blocks.22.norm2.bias. Will convert to torch.bfloat16
  warnings.warn(
/home/ubuntu/Difflet/difflet/backends/trainium/core/application_base.py:879: UserWarning: Found torch.float32 weights in checkpoint: blocks.22.norm2.weight. Will convert to torch.bfloat16
  warnings.warn(
/home/ubuntu/Difflet/difflet/backends/trainium/core/application_base.py:879: UserWarning: Found torch.float32 weights in checkpoint: blocks.22.scale_shift_table. Will convert to torch.bfloat16
  warnings.warn(
/home/ubuntu/Difflet/difflet/backends/trainium/core/application_base.py:879: UserWarning: Found torch.float32 weights in checkpoint: blocks.23.attn1.norm_k.weight. Will convert to torch.bfloat16
  warnings.warn(
/home/ubuntu/Difflet/difflet/backends/trainium/core/application_base.py:879: UserWarning: Found torch.float32 weights in checkpoint: blocks.23.attn1.norm_q.weight. Will convert to torch.bfloat16
  warnings.warn(
/home/ubuntu/Difflet/difflet/backends/trainium/core/application_base.py:879: UserWarning: Found torch.float32 weights in checkpoint: blocks.23.attn1.to_k.bias. Will convert to torch.bfloat16
  warnings.warn(
/home/ubuntu/Difflet/difflet/backends/trainium/core/application_base.py:879: UserWarning: Found torch.float32 weights in checkpoint: blocks.23.attn1.to_k.weight. Will convert to torch.bfloat16
  warnings.warn(
/home/ubuntu/Difflet/difflet/backends/trainium/core/application_base.py:879: UserWarning: Found torch.float32 weights in checkpoint: blocks.23.attn1.to_out.0.bias. Will convert to torch.bfloat16
  warnings.warn(
/home/ubuntu/Difflet/difflet/backends/trainium/core/application_base.py:879: UserWarning: Found torch.float32 weights in checkpoint: blocks.23.attn1.to_out.0.weight. Will convert to torch.bfloat16
  warnings.warn(
/home/ubuntu/Difflet/difflet/backends/trainium/core/application_base.py:879: UserWarning: Found torch.float32 weights in checkpoint: blocks.23.attn1.to_q.bias. Will convert to torch.bfloat16
  warnings.warn(
/home/ubuntu/Difflet/difflet/backends/trainium/core/application_base.py:879: UserWarning: Found torch.float32 weights in checkpoint: blocks.23.attn1.to_q.weight. Will convert to torch.bfloat16
  warnings.warn(
/home/ubuntu/Difflet/difflet/backends/trainium/core/application_base.py:879: UserWarning: Found torch.float32 weights in checkpoint: blocks.23.attn1.to_v.bias. Will convert to torch.bfloat16
  warnings.warn(
/home/ubuntu/Difflet/difflet/backends/trainium/core/application_base.py:879: UserWarning: Found torch.float32 weights in checkpoint: blocks.23.attn1.to_v.weight. Will convert to torch.bfloat16
  warnings.warn(
/home/ubuntu/Difflet/difflet/backends/trainium/core/application_base.py:879: UserWarning: Found torch.float32 weights in checkpoint: blocks.23.attn2.norm_k.weight. Will convert to torch.bfloat16
  warnings.warn(
/home/ubuntu/Difflet/difflet/backends/trainium/core/application_base.py:879: UserWarning: Found torch.float32 weights in checkpoint: blocks.23.attn2.norm_q.weight. Will convert to torch.bfloat16
  warnings.warn(
/home/ubuntu/Difflet/difflet/backends/trainium/core/application_base.py:879: UserWarning: Found torch.float32 weights in checkpoint: blocks.23.attn2.to_k.bias. Will convert to torch.bfloat16
  warnings.warn(
/home/ubuntu/Difflet/difflet/backends/trainium/core/application_base.py:879: UserWarning: Found torch.float32 weights in checkpoint: blocks.23.attn2.to_k.weight. Will convert to torch.bfloat16
  warnings.warn(
/home/ubuntu/Difflet/difflet/backends/trainium/core/application_base.py:879: UserWarning: Found torch.float32 weights in checkpoint: blocks.23.attn2.to_out.0.bias. Will convert to torch.bfloat16
  warnings.warn(
/home/ubuntu/Difflet/difflet/backends/trainium/core/application_base.py:879: UserWarning: Found torch.float32 weights in checkpoint: blocks.23.attn2.to_out.0.weight. Will convert to torch.bfloat16
  warnings.warn(
/home/ubuntu/Difflet/difflet/backends/trainium/core/application_base.py:879: UserWarning: Found torch.float32 weights in checkpoint: blocks.23.attn2.to_q.bias. Will convert to torch.bfloat16
  warnings.warn(
/home/ubuntu/Difflet/difflet/backends/trainium/core/application_base.py:879: UserWarning: Found torch.float32 weights in checkpoint: blocks.23.attn2.to_q.weight. Will convert to torch.bfloat16
  warnings.warn(
/home/ubuntu/Difflet/difflet/backends/trainium/core/application_base.py:879: UserWarning: Found torch.float32 weights in checkpoint: blocks.23.attn2.to_v.bias. Will convert to torch.bfloat16
  warnings.warn(
/home/ubuntu/Difflet/difflet/backends/trainium/core/application_base.py:879: UserWarning: Found torch.float32 weights in checkpoint: blocks.23.attn2.to_v.weight. Will convert to torch.bfloat16
  warnings.warn(
/home/ubuntu/Difflet/difflet/backends/trainium/core/application_base.py:879: UserWarning: Found torch.float32 weights in checkpoint: blocks.23.ffn.net_in.bias. Will convert to torch.bfloat16
  warnings.warn(
/home/ubuntu/Difflet/difflet/backends/trainium/core/application_base.py:879: UserWarning: Found torch.float32 weights in checkpoint: blocks.23.ffn.net_in.weight. Will convert to torch.bfloat16
  warnings.warn(
/home/ubuntu/Difflet/difflet/backends/trainium/core/application_base.py:879: UserWarning: Found torch.float32 weights in checkpoint: blocks.23.norm2.bias. Will convert to torch.bfloat16
  warnings.warn(
/home/ubuntu/Difflet/difflet/backends/trainium/core/application_base.py:879: UserWarning: Found torch.float32 weights in checkpoint: blocks.23.norm2.weight. Will convert to torch.bfloat16
  warnings.warn(
/home/ubuntu/Difflet/difflet/backends/trainium/core/application_base.py:879: UserWarning: Found torch.float32 weights in checkpoint: blocks.23.scale_shift_table. Will convert to torch.bfloat16
  warnings.warn(
/home/ubuntu/difflet-vj/.venv/lib/python3.12/site-packages/neuronx_distributed/trace/trace.py:642: UserWarning: Removing redundant keys from checkpoint: []
  warnings.warn(f"Removing redundant keys from checkpoint: {keys_to_delete}")
INFO:Neuron:Done Sharding weights in 369.32303835199855
INFO:Neuron:Pre-sharding complete in 370.1s: 4 shard file(s), 28602.8 MB total under /home/ubuntu/.cache/difflet/wan21_teacache_probe_fused/weights/
[wan] compiled in 448.9s -> /home/ubuntu/.cache/difflet/wan21_teacache_probe_fused
INFO:Neuron:Loading presharded checkpoints for ranks: 0...3
INFO:Neuron:Presharded file read: 0.12s for 4 shard(s) (28602.8 MB total)
INFO:Neuron:Initializing traced model weights for ranks: 0...3 (runtime_start_rank_id=0)
INFO:Neuron:Finished traced model weight initialization in 11.30s (device init 11.30s, total load_weights 11.42s)
INFO:Neuron:Skipping model warmup
[wan] loaded in 11.6s (no missing-weight error)
[wan] call 1 delta (zero prev_mod)     = 43654672.000000
[wan] call 2 delta (same input)        = 0.000000e+00
[wan] PREV_MOD_PERSISTS_ON_DEVICE      = True
[wan] device rel_l1(B vs A)            = 0.229369
[wan] building host CPU shadow for parity...
/home/ubuntu/difflet-vj/.venv/lib/python3.12/site-packages/neuronx_distributed/parallel_layers/layers.py:539: UserWarning: Parallel state is not initialized. Falling back to non-parallel equivalent.
  super().__init__(device=device)
[Gloo] Rank 0 is connected to 0 peer ranks. Expected number of connected peer ranks is : 0
[2026-09-22 06:46:12.489: I neuronx_distributed/parallel_layers/parallel_state.py:638] > initializing tensor model parallel with size 1
[2026-09-22 06:46:12.489: I neuronx_distributed/parallel_layers/parallel_state.py:639] > initializing pipeline model parallel with size 1
[2026-09-22 06:46:12.489: I neuronx_distributed/parallel_layers/parallel_state.py:640] > initializing context model parallel with size 1
[2026-09-22 06:46:12.489: I neuronx_distributed/parallel_layers/parallel_state.py:641] > initializing data parallel with size 1
[2026-09-22 06:46:12.489: I neuronx_distributed/parallel_layers/parallel_state.py:642] > initializing world size to 1
[2026-09-22 06:46:12.489: I neuronx_distributed/parallel_layers/parallel_state.py:387] [rank_0_pp-1_tp-1_dp-1_cp-1] Chosen Logic for replica groups ret_logic=<PG_Group_Logic.LOGIC1: (<function ascending_ring_PG_group at 0x7c574d079bc0>, 'Ascending Ring PG Group')>
[2026-09-22 06:46:12.490: I neuronx_distributed/parallel_layers/parallel_state.py:666] [rank_0_pp-1_tp-1_dp-1_cp-1] tp_groups: replica_groups.tp_groups=[[0]]
[2026-09-22 06:46:12.490: I neuronx_distributed/parallel_layers/parallel_state.py:667] [rank_0_pp-1_tp-1_dp-1_cp-1] dp_groups: replica_groups.dp_groups=[[0]]
[2026-09-22 06:46:12.490: I neuronx_distributed/parallel_layers/parallel_state.py:668] [rank_0_pp-1_tp-1_dp-1_cp-1] pp_groups: replica_groups.pp_groups=[[0]]
[2026-09-22 06:46:12.490: I neuronx_distributed/parallel_layers/parallel_state.py:669] [rank_0_pp-1_tp-1_dp-1_cp-1] cp_groups: replica_groups.cp_groups=[[0]]
[2026-09-22 06:46:12.490: I neuronx_distributed/parallel_layers/parallel_state.py:670] [rank_0_pp-1_tp-1_dp-1_cp-1] ep_model_groups: replica_groups.ep_model_groups=[[0]]
[2026-09-22 06:46:12.490: I neuronx_distributed/parallel_layers/parallel_state.py:671] [rank_0_pp-1_tp-1_dp-1_cp-1] ep_data_groups: replica_groups.ep_data_groups=[[0]]
[Gloo] Rank 0 is connected to 0 peer ranks. Expected number of connected peer ranks is : 0
[Gloo] Rank 0 is connected to 0 peer ranks. Expected number of connected peer ranks is : 0
[Gloo] Rank 0 is connected to 0 peer ranks. Expected number of connected peer ranks is : 0
[Gloo] Rank 0 is connected to 0 peer ranks. Expected number of connected peer ranks is : 0
[Gloo] Rank 0 is connected to 0 peer ranks. Expected number of connected peer ranks is : 0
[Gloo] Rank 0 is connected to 0 peer ranks. Expected number of connected peer ranks is : 0
[Gloo] Rank 0 is connected to 0 peer ranks. Expected number of connected peer ranks is : 0
[wan] host   rel_l1(B vs A)            = 0.229291
[wan] relative difference              = 0.0339%
[wan] device probe median = 27.42 ms/call
[wan] host shadow median  = 941.31 ms/call
[wan] wrote artifacts/verification-2026-09-22/wan_teacache_fused_smoke.json
